element_id,type,region,transition_profile,mean_repair_hours,current_state,last_update,mttf_hours,prob_fail_1h,prob_fail_6h,prob_fail_24h,prob_fail_1week,risk_level,cpu_pct,memory_pct,temperature_c,pkt_drop_pct,error_count,signal_quality
NE0000,RAN,Central,RAN_profile,2,Warning,2025-08-14 23:00:00+05:30,28.66,0.0588,0.2555,0.6472,0.9988,MEDIUM,50.76,43.41,62.61,0.652,8,77.1
NE0001,OPTICAL,Central,OPTICAL_profile,2,Warning,2025-08-14 23:00:00+05:30,99999.0,0.0263,0.1296,0.4119,0.9745,MEDIUM,45.32,53.16,65.7,0.83,7,76.6
NE0002,RAN,East,RAN_profile,4,Failure,2025-08-14 23:00:00+05:30,19.13,0.7083,0.7795,0.9151,1.0,CRITICAL,97.33,91.32,96.54,19.129,252,5.3
NE0003,RAN,East,RAN_profile,2,Minor,2025-08-14 23:00:00+05:30,35.62,0.0,0.1447,0.501,0.9924,MEDIUM,61.95,74.6,66.05,2.136,12,65.8
NE0004,EDGE,West,EDGE_profile,12,Healthy,2025-08-14 23:00:00+05:30,24.1,0.0159,0.1398,0.6282,0.9998,MEDIUM,37.34,47.94,48.73,0.156,1,87.7
NE0005,RAN,West,RAN_profile,2,Healthy,2025-08-14 23:00:00+05:30,28.91,0.0323,0.1797,0.5683,0.9975,MEDIUM,30.59,52.01,53.48,0.0,4,83.4
NE0006,RAN,Central,RAN_profile,4,Minor,2025-08-14 23:00:00+05:30,52.67,0.0,0.086,0.3558,0.9595,MEDIUM,55.25,60.98,66.4,1.838,23,73.9
NE0007,RAN,East,RAN_profile,4,Minor,2025-08-14 23:00:00+05:30,20.23,0.0312,0.2882,0.7403,0.9999,HIGH,57.33,64.53,76.37,2.806,17,74.2
NE0008,RAN,West,RAN_profile,4,Healthy,2025-08-14 23:00:00+05:30,20.21,0.0338,0.2075,0.7038,0.9999,HIGH,38.06,47.01,51.78,1.104,3,89.9
NE0009,CORE,East,CORE_profile,4,Warning,2025-08-14 23:00:00+05:30,63.72,0.0204,0.101,0.3275,0.9325,MEDIUM,49.8,67.46,56.37,1.57,3,73.3
NE0010,EDGE,North,EDGE_profile,2,Healthy,2025-08-14 23:00:00+05:30,35.78,0.0094,0.0947,0.4714,0.9943,MEDIUM,24.68,36.95,54.97,0.641,0,80.6
NE0011,OPTICAL,Central,OPTICAL_profile,4,Healthy,2025-08-14 23:00:00+05:30,33.44,0.0246,0.1546,0.5143,0.9943,MEDIUM,28.64,53.84,50.12,0.641,0,87.0
NE0012,RAN,North,RAN_profile,12,Healthy,2025-08-14 23:00:00+05:30,22.3,0.0315,0.2003,0.6665,0.9997,HIGH,26.7,50.21,47.03,0.341,0,85.4
NE0013,EDGE,North,EDGE_profile,2,Healthy,2025-08-14 23:00:00+05:30,29.81,0.0141,0.1061,0.5323,0.9987,MEDIUM,34.86,44.74,48.12,0.0,2,80.5
NE0014,RAN,West,RAN_profile,4,Healthy,2025-08-14 23:00:00+05:30,34.0,0.0161,0.1219,0.4989,0.995,MEDIUM,24.13,41.58,55.41,0.0,11,78.5
NE0015,RAN,Central,RAN_profile,8,Failure,2025-08-14 23:00:00+05:30,24.8,0.8966,0.9111,0.9591,0.9999,CRITICAL,94.11,85.69,91.13,20.073,242,6.0
NE0016,RAN,North,RAN_profile,4,Warning,2025-08-14 23:00:00+05:30,38.49,0.0,0.09,0.4611,0.9922,MEDIUM,42.68,54.61,57.56,0.511,7,82.3
NE0017,OPTICAL,South,OPTICAL_profile,4,Healthy,2025-08-14 23:00:00+05:30,63.8,0.0072,0.0767,0.3084,0.9315,MEDIUM,31.91,39.99,51.21,0.275,3,77.2
NE0018,RAN,West,RAN_profile,2,Healthy,2025-08-14 23:00:00+05:30,40.25,0.0049,0.0773,0.4252,0.9897,MEDIUM,32.63,53.53,43.72,0.0,0,79.0
NE0019,EDGE,South,EDGE_profile,4,Healthy,2025-08-14 23:00:00+05:30,23.92,0.0252,0.1796,0.6379,0.9996,HIGH,39.99,42.86,46.91,0.0,8,82.9
NE0020,RAN,West,RAN_profile,6,Warning,2025-08-14 23:00:00+05:30,41.65,0.0,0.0954,0.4265,0.9846,MEDIUM,46.57,51.05,60.91,1.701,3,81.8
NE0021,EDGE,West,EDGE_profile,2,Healthy,2025-08-14 23:00:00+05:30,24.15,0.006,0.118,0.6289,0.9998,MEDIUM,23.53,52.35,50.32,0.207,8,78.4
NE0022,RAN,Central,RAN_profile,4,Healthy,2025-08-14 23:00:00+05:30,43.86,0.0222,0.1356,0.4284,0.9786,MEDIUM,27.31,43.28,48.68,0.354,0,90.6
NE0023,EDGE,South,EDGE_profile,12,Minor,2025-08-14 23:00:00+05:30,33.16,0.0857,0.307,0.6379,0.9971,MEDIUM,63.15,52.77,69.54,2.008,21,63.7
NE0024,OPTICAL,Central,OPTICAL_profile,2,Warning,2025-08-14 23:00:00+05:30,65.1,0.0357,0.1294,0.3445,0.9311,MEDIUM,40.54,48.31,62.88,0.376,4,72.1
NE0025,EDGE,North,EDGE_profile,2,Failure,2025-08-14 23:00:00+05:30,24.73,0.2941,0.4076,0.7246,0.9995,CRITICAL,90.66,87.45,87.81,24.165,256,2.7
NE0026,CORE,North,CORE_profile,2,Warning,2025-08-14 23:00:00+05:30,35.99,0.0,0.1105,0.4636,0.9907,MEDIUM,54.88,49.9,60.37,1.141,13,82.3
NE0027,RAN,East,RAN_profile,2,Healthy,2025-08-14 23:00:00+05:30,40.25,0.0104,0.1001,0.4364,0.9881,MEDIUM,30.8,42.79,46.36,0.0,0,92.8
NE0028,OPTICAL,East,OPTICAL_profile,8,Warning,2025-08-14 23:00:00+05:30,21.11,0.0278,0.2071,0.6662,0.9997,HIGH,40.01,60.3,60.3,0.759,19,79.8
NE0029,RAN,South,RAN_profile,2,Healthy,2025-08-14 23:00:00+05:30,26.42,0.025,0.1647,0.5969,0.999,MEDIUM,33.23,51.2,45.44,0.0,0,88.5
NE0030,EDGE,West,EDGE_profile,4,Major,2025-08-14 23:00:00+05:30,59.39,0.0938,0.3178,0.5575,0.9712,HIGH,78.72,79.25,83.11,4.928,61,58.2
NE0031,RAN,Central,RAN_profile,6,Healthy,2025-08-14 23:00:00+05:30,31.89,0.0162,0.1206,0.5137,0.9972,MEDIUM,21.7,49.07,54.03,0.766,0,76.7
NE0032,OPTICAL,East,OPTICAL_profile,6,Healthy,2025-08-14 23:00:00+05:30,28.5,0.032,0.195,0.5766,0.9975,MEDIUM,29.59,47.91,48.89,0.0,8,94.9
NE0033,RAN,East,RAN_profile,8,Failure,2025-08-14 23:00:00+05:30,23.55,0.8684,0.8894,0.9511,0.9999,CRITICAL,94.83,93.63,89.33,19.647,248,6.7
NE0034,CORE,East,CORE_profile,6,Healthy,2025-08-14 23:00:00+05:30,31.11,0.0225,0.169,0.5421,0.9961,MEDIUM,39.02,55.54,44.31,0.0,0,76.4
NE0035,CORE,South,CORE_profile,4,Healthy,2025-08-14 23:00:00+05:30,64.0,0.0217,0.1044,0.3232,0.9269,MEDIUM,36.76,44.16,51.64,1.381,0,79.5
NE0036,RAN,North,RAN_profile,4,Healthy,2025-08-14 23:00:00+05:30,38.75,0.0151,0.1052,0.4463,0.9904,MEDIUM,20.75,41.65,48.6,0.986,0,88.4
NE0037,CORE,Central,CORE_profile,4,Healthy,2025-08-14 23:00:00+05:30,38.62,0.026,0.1484,0.4682,0.9876,MEDIUM,41.45,41.11,46.5,0.45,0,97.5
NE0038,CORE,East,CORE_profile,4,Healthy,2025-08-14 23:00:00+05:30,44.0,0.0087,0.0936,0.4102,0.9817,MEDIUM,39.25,51.95,47.55,0.598,0,89.7
NE0039,EDGE,East,EDGE_profile,6,Healthy,2025-08-14 23:00:00+05:30,50.0,0.0,0.0438,0.3401,0.975,MEDIUM,24.88,42.64,50.05,0.0,9,78.2
NE0040,EDGE,South,EDGE_profile,8,Healthy,2025-08-14 23:00:00+05:30,23.0,0.0451,0.2274,0.6536,0.9995,HIGH,21.54,41.02,53.92,1.507,0,77.3
NE0041,OPTICAL,West,OPTICAL_profile,8,Healthy,2025-08-14 23:00:00+05:30,38.71,0.0088,0.1156,0.4571,0.9893,MEDIUM,39.01,54.25,51.72,0.204,10,83.0
NE0042,RAN,East,RAN_profile,4,Healthy,2025-08-14 23:00:00+05:30,63.0,0.0169,0.0853,0.3117,0.9335,MEDIUM,35.63,58.1,50.0,0.0,0,84.9
NE0043,RAN,North,RAN_profile,4,Healthy,2025-08-14 23:00:00+05:30,38.25,0.0269,0.1399,0.4649,0.989,MEDIUM,28.32,47.63,48.41,0.26,0,86.7
NE0044,RAN,North,RAN_profile,6,Healthy,2025-08-14 23:00:00+05:30,49.5,0.0114,0.0926,0.3758,0.97,MEDIUM,27.37,59.06,49.8,0.177,3,82.8
NE0045,RAN,Central,RAN_profile,8,Healthy,2025-08-14 23:00:00+05:30,39.86,0.0104,0.0971,0.4375,0.989,MEDIUM,29.88,46.5,45.61,0.072,0,91.7
NE0046,RAN,East,RAN_profile,4,Minor,2025-08-14 23:00:00+05:30,29.54,0.0263,0.2216,0.6025,0.9979,MEDIUM,61.89,61.39,69.85,1.597,17,68.1
NE0047,RAN,East,RAN_profile,4,Healthy,2025-08-14 23:00:00+05:30,34.96,0.006,0.1025,0.4833,0.9948,MEDIUM,25.32,53.03,50.3,0.0,2,87.1
NE0048,RAN,East,RAN_profile,4,Warning,2025-08-14 23:00:00+05:30,44.53,0.0,0.089,0.3956,0.9774,MEDIUM,52.19,52.39,57.69,0.742,6,81.7
NE0049,CORE,North,CORE_profile,4,Healthy,2025-08-14 23:00:00+05:30,39.13,0.009,0.1009,0.447,0.9896,MEDIUM,39.41,49.09,46.99,0.123,3,84.8
NE0050,RAN,South,RAN_profile,12,Warning,2025-08-14 23:00:00+05:30,26.41,0.0,0.2092,0.6268,0.9989,MEDIUM,40.03,54.51,55.05,1.066,16,87.2
NE0051,RAN,South,RAN_profile,6,Failure,2025-08-14 23:00:00+05:30,24.45,0.8485,0.8759,0.9418,0.9999,CRITICAL,88.54,87.54,98.34,19.399,245,1.3
NE0052,RAN,North,RAN_profile,4,Healthy,2025-08-14 23:00:00+05:30,52.5,0.0,0.0629,0.3451,0.9659,MEDIUM,30.75,46.69,52.86,0.587,6,86.8
NE0053,EDGE,West,EDGE_profile,2,Failure,2025-08-14 23:00:00+05:30,21.07,0.2632,0.4111,0.7578,0.9998,CRITICAL,96.56,99.08,90.6,24.152,239,7.4
NE0054,RAN,North,RAN_profile,6,Minor,2025-08-14 23:00:00+05:30,41.8,0.0,0.1212,0.4412,0.9843,MEDIUM,59.87,56.07,64.56,2.316,22,63.3
NE0055,OPTICAL,Central,OPTICAL_profile,4,Healthy,2025-08-14 23:00:00+05:30,34.22,0.0243,0.1536,0.5068,0.9935,MEDIUM,26.28,37.32,53.27,0.676,1,92.8
NE0056,EDGE,West,EDGE_profile,2,Warning,2025-08-14 23:00:00+05:30,40.24,0.0108,0.1185,0.4482,0.9868,MEDIUM,43.62,53.74,64.36,1.284,5,77.9
NE0057,RAN,North,RAN_profile,6,Healthy,2025-08-14 23:00:00+05:30,15.75,0.0429,0.2706,0.8025,1.0,HIGH,23.65,42.13,48.62,0.847,0,78.9
NE0058,RAN,West,RAN_profile,12,Healthy,2025-08-14 23:00:00+05:30,29.87,0.0315,0.1703,0.554,0.9971,MEDIUM,34.48,52.64,53.0,0.269,2,88.9
NE0059,RAN,North,RAN_profile,2,Minor,2025-08-14 23:00:00+05:30,52.85,0.0,0.1766,0.4413,0.9692,MEDIUM,63.9,61.56,65.75,2.508,16,75.2
NE0060,CORE,Central,CORE_profile,8,Healthy,2025-08-14 23:00:00+05:30,38.86,0.0173,0.1268,0.4597,0.9885,MEDIUM,36.09,56.33,49.88,0.0,0,85.1
NE0061,RAN,West,RAN_profile,2,Healthy,2025-08-14 23:00:00+05:30,54.33,0.0046,0.0653,0.335,0.9613,MEDIUM,29.42,48.02,51.97,0.259,0,86.0
NE0062,CORE,East,CORE_profile,4,Minor,2025-08-14 23:00:00+05:30,15.8,0.0769,0.4576,0.8536,1.0,HIGH,64.57,60.48,73.28,1.807,18,69.1
NE0063,RAN,North,RAN_profile,6,Healthy,2025-08-14 23:00:00+05:30,42.71,0.0053,0.0758,0.4042,0.9861,MEDIUM,33.31,52.77,49.4,0.392,0,90.8
NE0064,RAN,South,RAN_profile,8,Failure,2025-08-14 23:00:00+05:30,41.0,0.875,0.888,0.9285,0.9981,CRITICAL,100.0,97.07,95.77,20.159,241,3.8
NE0065,OPTICAL,North,OPTICAL_profile,2,Healthy,2025-08-14 23:00:00+05:30,31.7,0.0226,0.156,0.5325,0.996,MEDIUM,29.91,44.7,54.16,0.182,0,88.9
NE0066,EDGE,South,EDGE_profile,4,Failure,2025-08-14 23:00:00+05:30,22.23,0.7391,0.7768,0.9091,0.9999,CRITICAL,90.14,85.06,89.54,23.303,249,3.2
NE0067,OPTICAL,South,OPTICAL_profile,12,Healthy,2025-08-14 23:00:00+05:30,51.0,0.013,0.1029,0.3744,0.965,MEDIUM,28.79,42.76,52.82,0.0,0,89.1
NE0068,CORE,North,CORE_profile,4,Major,2025-08-14 23:00:00+05:30,37.21,0.2,0.4761,0.6876,0.9946,HIGH,86.15,69.02,80.59,3.406,66,48.6
NE0069,RAN,West,RAN_profile,6,Failure,2025-08-14 23:00:00+05:30,27.9,0.8393,0.8593,0.929,0.9998,CRITICAL,98.55,94.44,95.86,20.326,250,6.0
NE0070,EDGE,North,EDGE_profile,4,Healthy,2025-08-14 23:00:00+05:30,16.12,0.0174,0.2374,0.8018,1.0,HIGH,26.53,38.14,51.28,0.0,14,77.3
NE0071,OPTICAL,East,OPTICAL_profile,8,Healthy,2025-08-14 23:00:00+05:30,58.8,0.0089,0.0813,0.3292,0.946,MEDIUM,36.77,35.71,53.87,0.215,6,91.7
NE0072,CORE,North,CORE_profile,6,Healthy,2025-08-14 23:00:00+05:30,36.25,0.0088,0.1037,0.4747,0.9931,MEDIUM,36.42,34.92,47.14,0.0,12,80.0
NE0073,RAN,West,RAN_profile,8,Minor,2025-08-14 23:00:00+05:30,44.78,0.0612,0.2252,0.5157,0.9859,MEDIUM,69.64,72.99,71.93,3.101,20,54.1
NE0074,OPTICAL,East,OPTICAL_profile,4,Warning,2025-08-14 23:00:00+05:30,38.5,0.0263,0.1569,0.4863,0.9902,MEDIUM,61.21,51.81,59.11,0.307,16,83.7
NE0075,EDGE,North,EDGE_profile,2,Warning,2025-08-14 23:00:00+05:30,28.81,0.0328,0.1773,0.5953,0.9987,MEDIUM,48.39,51.76,60.17,1.623,3,74.7
NE0076,RAN,South,RAN_profile,4,Warning,2025-08-14 23:00:00+05:30,38.09,0.0244,0.1685,0.5092,0.992,MEDIUM,47.99,49.9,54.61,1.459,2,78.9
NE0077,CORE,Central,CORE_profile,4,Healthy,2025-08-14 23:00:00+05:30,79.11,0.0156,0.0792,0.2667,0.8811,LOW,31.69,50.33,51.39,0.176,0,82.0
NE0078,OPTICAL,North,OPTICAL_profile,4,Minor,2025-08-14 23:00:00+05:30,81.71,0.0,0.048,0.2381,0.871,MEDIUM,60.82,63.72,75.16,1.48,20,70.2
NE0079,RAN,East,RAN_profile,6,Healthy,2025-08-14 23:00:00+05:30,61.2,0.0123,0.08,0.3179,0.9393,MEDIUM,24.53,50.53,45.55,0.053,0,90.9
NE0080,CORE,West,CORE_profile,6,Failure,2025-08-14 23:00:00+05:30,42.86,0.8286,0.8439,0.8989,0.997,CRITICAL,93.38,100.0,88.85,16.245,253,0.0
NE0081,OPTICAL,Central,OPTICAL_profile,4,Healthy,2025-08-14 23:00:00+05:30,163.0,0.0,0.0221,0.1259,0.6445,LOW,25.46,55.03,50.73,0.233,0,83.1
NE0082,EDGE,East,EDGE_profile,8,Failure,2025-08-14 23:00:00+05:30,29.67,0.8824,0.8975,0.9453,0.9997,CRITICAL,88.63,100.0,84.8,24.173,254,0.8
NE0083,CORE,West,CORE_profile,6,Healthy,2025-08-14 23:00:00+05:30,51.78,0.0131,0.0932,0.3647,0.9643,MEDIUM,38.83,44.46,49.68,0.153,1,86.4
NE0084,EDGE,West,EDGE_profile,6,Healthy,2025-08-14 23:00:00+05:30,22.9,0.0121,0.1639,0.657,0.9998,HIGH,24.65,45.19,50.34,0.203,11,76.8
NE0085,RAN,East,RAN_profile,8,Healthy,2025-08-14 23:00:00+05:30,18.75,0.0496,0.276,0.732,0.9999,HIGH,31.73,56.83,46.84,0.0,0,84.8
NE0086,RAN,West,RAN_profile,12,Failure,2025-08-14 23:00:00+05:30,14.92,0.9149,0.9349,0.9837,1.0,CRITICAL,100.0,94.12,91.48,19.482,248,6.7
NE0087,EDGE,Central,EDGE_profile,8,Healthy,2025-08-14 23:00:00+05:30,20.75,0.0173,0.1699,0.6948,1.0,HIGH,34.32,35.66,47.44,0.472,9,78.6
NE0088,OPTICAL,Central,OPTICAL_profile,12,Failure,2025-08-14 23:00:00+05:30,57.8,0.913,0.9172,0.94,0.9957,CRITICAL,92.03,95.94,90.31,13.192,253,6.6
NE0089,CORE,Central,CORE_profile,6,Healthy,2025-08-14 23:00:00+05:30,32.33,0.0374,0.1926,0.535,0.9942,MEDIUM,32.91,48.92,50.66,0.416,12,90.0
NE0090,EDGE,West,EDGE_profile,4,Healthy,2025-08-14 23:00:00+05:30,51.67,0.0,0.0537,0.342,0.9693,MEDIUM,24.31,40.42,47.17,0.038,0,83.5
NE0091,RAN,North,RAN_profile,4,Healthy,2025-08-14 23:00:00+05:30,33.22,0.0227,0.1306,0.5073,0.9955,MEDIUM,29.83,50.26,46.12,0.945,2,82.3
NE0092,RAN,North,RAN_profile,4,Healthy,2025-08-14 23:00:00+05:30,29.8,0.0304,0.1771,0.5576,0.997,MEDIUM,37.46,39.06,52.47,0.493,1,83.3
NE0093,EDGE,East,EDGE_profile,6,Healthy,2025-08-14 23:00:00+05:30,37.91,0.02,0.1132,0.4578,0.991,MEDIUM,33.41,46.02,52.09,0.0,0,74.2
NE0094,RAN,South,RAN_profile,4,Minor,2025-08-14 23:00:00+05:30,24.49,0.0,0.2894,0.6705,0.9992,MEDIUM,56.51,65.12,71.2,1.058,19,66.9
NE0095,RAN,South,RAN_profile,6,Healthy,2025-08-14 23:00:00+05:30,36.25,0.0163,0.1023,0.4709,0.9934,MEDIUM,18.97,50.29,52.0,0.29,0,88.3
NE0096,OPTICAL,East,OPTICAL_profile,6,Healthy,2025-08-14 23:00:00+05:30,99999.0,0.0464,0.2496,0.6845,0.9997,MEDIUM,27.22,30.04,50.93,0.0,0,91.9
NE0097,CORE,South,CORE_profile,8,Minor,2025-08-14 23:00:00+05:30,40.28,0.0,0.0997,0.4257,0.9846,MEDIUM,61.99,65.65,75.71,1.738,23,66.3
NE0098,EDGE,North,EDGE_profile,6,Healthy,2025-08-14 23:00:00+05:30,20.08,0.0274,0.2158,0.7084,0.9999,HIGH,28.15,48.56,48.86,0.0,4,82.3
NE0099,RAN,North,RAN_profile,6,Healthy,2025-08-14 23:00:00+05:30,24.27,0.0181,0.166,0.632,0.9996,MEDIUM,39.97,39.01,52.92,0.64,0,85.8
NE0100,RAN,West,RAN_profile,8,Healthy,2025-08-14 23:00:00+05:30,41.61,0.0132,0.1093,0.4312,0.9852,MEDIUM,29.97,42.51,55.81,0.338,0,85.9
NE0101,RAN,South,RAN_profile,2,Warning,2025-08-14 23:00:00+05:30,46.08,0.0,0.0915,0.4112,0.9798,MEDIUM,45.18,57.68,57.54,1.259,9,70.4
NE0102,CORE,East,CORE_profile,4,Healthy,2025-08-14 23:00:00+05:30,52.5,0.0047,0.0795,0.356,0.9637,MEDIUM,31.27,52.05,51.26,0.41,0,90.2
NE0103,CORE,Central,CORE_profile,8,Failure,2025-08-14 23:00:00+05:30,26.6,0.8696,0.8872,0.9452,0.9998,CRITICAL,94.13,100.0,89.79,16.604,255,6.9
NE0104,EDGE,North,EDGE_profile,2,Healthy,2025-08-14 23:00:00+05:30,36.54,0.0,0.0595,0.4538,0.9948,MEDIUM,30.08,38.41,51.93,0.791,2,74.8
NE0105,EDGE,East,EDGE_profile,2,Failure,2025-08-14 23:00:00+05:30,40.75,0.2222,0.2781,0.5429,0.9904,CRITICAL,82.88,88.27,92.41,23.382,248,0.0
NE0106,CORE,Central,CORE_profile,4,Healthy,2025-08-14 23:00:00+05:30,23.83,0.0351,0.2126,0.6417,0.9994,HIGH,34.72,59.33,51.79,0.109,11,87.6
NE0107,EDGE,West,EDGE_profile,8,Healthy,2025-08-14 23:00:00+05:30,41.86,0.0233,0.1347,0.4403,0.9828,MEDIUM,35.63,42.71,49.97,0.0,2,88.7
NE0108,RAN,East,RAN_profile,6,Major,2025-08-14 23:00:00+05:30,23.19,0.0476,0.2006,0.6112,0.999,HIGH,73.81,79.34,84.45,4.606,55,48.4
NE0109,OPTICAL,Central,OPTICAL_profile,12,Healthy,2025-08-14 23:00:00+05:30,54.8,0.0177,0.1057,0.3579,0.9545,MEDIUM,34.49,36.62,53.34,0.589,4,82.7
NE0110,OPTICAL,East,OPTICAL_profile,8,Healthy,2025-08-14 23:00:00+05:30,32.5,0.0317,0.1732,0.5282,0.9947,MEDIUM,26.82,49.97,59.41,0.0,0,94.9
NE0111,RAN,West,RAN_profile,6,Warning,2025-08-14 23:00:00+05:30,32.34,0.0,0.1008,0.4826,0.994,MEDIUM,52.45,52.58,59.97,0.167,10,79.9
NE0112,RAN,South,RAN_profile,12,Failure,2025-08-14 23:00:00+05:30,25.44,0.9245,0.9344,0.9695,0.9999,CRITICAL,100.0,93.54,92.58,20.322,249,7.1
NE0113,EDGE,North,EDGE_profile,6,Failure,2025-08-14 23:00:00+05:30,18.57,0.8267,0.8678,0.9515,1.0,CRITICAL,87.06,90.31,87.51,24.171,251,8.1
NE0114,RAN,South,RAN_profile,2,Healthy,2025-08-14 23:00:00+05:30,110.33,0.0067,0.0438,0.1864,0.785,LOW,34.4,51.09,48.68,0.821,0,81.5
NE0115,RAN,North,RAN_profile,6,Failure,2025-08-14 23:00:00+05:30,37.12,0.8158,0.8332,0.8988,0.9985,CRITICAL,88.24,98.02,94.15,20.494,244,6.4
NE0116,RAN,Central,RAN_profile,6,Healthy,2025-08-14 23:00:00+05:30,42.24,0.0265,0.1396,0.4396,0.9817,MEDIUM,33.75,38.65,49.67,0.37,1,87.7
NE0117,CORE,Central,CORE_profile,4,Healthy,2025-08-14 23:00:00+05:30,17.5,0.0563,0.2961,0.7566,1.0,HIGH,39.95,50.26,50.84,0.078,0,77.6
NE0118,RAN,East,RAN_profile,8,Healthy,2025-08-14 23:00:00+05:30,61.0,0.005,0.0421,0.2822,0.9477,MEDIUM,33.67,50.24,49.68,0.0,3,88.4
NE0119,RAN,West,RAN_profile,2,Warning,2025-08-14 23:00:00+05:30,39.96,0.0,0.0878,0.4444,0.9889,MEDIUM,50.18,53.4,64.97,0.0,5,76.4
NE0120,RAN,West,RAN_profile,2,Minor,2025-08-14 23:00:00+05:30,25.81,0.0476,0.2748,0.6694,0.9992,MEDIUM,53.8,70.78,72.38,2.379,17,63.7
NE0121,RAN,South,RAN_profile,4,Healthy,2025-08-14 23:00:00+05:30,37.62,0.0258,0.1473,0.4754,0.9893,MEDIUM,31.13,43.6,53.93,0.597,5,87.6
NE0122,CORE,North,CORE_profile,4,Healthy,2025-08-14 23:00:00+05:30,51.67,0.0048,0.081,0.3603,0.9657,MEDIUM,36.96,33.82,50.91,0.593,0,73.4
NE0123,OPTICAL,South,OPTICAL_profile,6,Healthy,2025-08-14 23:00:00+05:30,108.67,0.0072,0.0464,0.1927,0.7895,LOW,32.68,46.88,55.6,0.0,0,91.4
NE0124,OPTICAL,South,OPTICAL_profile,4,Healthy,2025-08-14 23:00:00+05:30,29.1,0.0084,0.1575,0.5642,0.9978,MEDIUM,24.38,45.25,58.13,0.0,0,88.9
NE0125,RAN,East,RAN_profile,6,Healthy,2025-08-14 23:00:00+05:30,20.54,0.0417,0.2427,0.6987,0.9998,HIGH,35.32,41.69,52.66,0.484,6,91.6
NE0126,EDGE,Central,EDGE_profile,6,Healthy,2025-08-14 23:00:00+05:30,18.36,0.0254,0.2142,0.7448,1.0,HIGH,36.18,43.19,49.05,0.0,0,75.8
NE0127,OPTICAL,South,OPTICAL_profile,2,Healthy,2025-08-14 23:00:00+05:30,35.67,0.0269,0.1517,0.4931,0.9918,MEDIUM,31.37,44.56,51.25,0.0,1,87.1
NE0128,CORE,East,CORE_profile,8,Healthy,2025-08-14 23:00:00+05:30,39.71,0.0253,0.1388,0.4558,0.9865,MEDIUM,32.8,51.16,57.51,0.0,2,89.7
NE0129,OPTICAL,East,OPTICAL_profile,6,Warning,2025-08-14 23:00:00+05:30,42.08,0.0465,0.1932,0.495,0.9861,MEDIUM,48.03,51.13,64.76,0.615,13,75.5
NE0130,CORE,East,CORE_profile,8,Healthy,2025-08-14 23:00:00+05:30,59.4,0.0049,0.0658,0.3174,0.9465,MEDIUM,38.7,44.11,50.46,0.0,4,85.7
NE0131,OPTICAL,North,OPTICAL_profile,12,Healthy,2025-08-14 23:00:00+05:30,52.8,0.0135,0.0887,0.354,0.9627,MEDIUM,27.12,37.33,59.62,0.496,2,85.7
NE0132,EDGE,West,EDGE_profile,4,Failure,2025-08-14 23:00:00+05:30,22.15,0.7447,0.8022,0.912,0.9999,CRITICAL,97.44,91.87,91.47,24.263,242,0.9
NE0133,RAN,South,RAN_profile,2,Healthy,2025-08-14 23:00:00+05:30,46.0,0.0,0.0639,0.3816,0.9805,MEDIUM,28.23,45.65,50.91,0.412,11,76.5
NE0134,OPTICAL,North,OPTICAL_profile,6,Healthy,2025-08-14 23:00:00+05:30,99999.0,0.0148,0.1006,0.3687,0.9628,MEDIUM,29.61,45.18,53.43,0.071,6,84.7
NE0135,RAN,South,RAN_profile,2,Major,2025-08-14 23:00:00+05:30,37.99,0.2105,0.5829,0.8169,0.9976,HIGH,75.96,76.17,82.54,5.157,64,58.0
NE0136,EDGE,North,EDGE_profile,4,Healthy,2025-08-14 23:00:00+05:30,27.29,0.0139,0.1428,0.5837,0.9989,MEDIUM,28.2,44.99,49.26,0.449,4,87.1
NE0137,OPTICAL,South,OPTICAL_profile,6,Failure,2025-08-14 23:00:00+05:30,26.09,0.7917,0.8196,0.9143,0.9998,CRITICAL,98.32,100.0,95.31,13.723,243,5.7
NE0138,EDGE,West,EDGE_profile,4,Major,2025-08-14 23:00:00+05:30,31.69,0.1724,0.5562,0.8252,0.9992,HIGH,65.94,78.32,79.8,4.664,61,46.7
NE0139,EDGE,West,EDGE_profile,2,Healthy,2025-08-14 23:00:00+05:30,40.5,0.0,0.0645,0.4196,0.9899,MEDIUM,27.5,43.04,54.39,0.423,3,74.7
NE0140,OPTICAL,East,OPTICAL_profile,12,Healthy,2025-08-14 23:00:00+05:30,17.91,0.05,0.2816,0.7495,0.9999,HIGH,35.91,39.87,54.12,0.209,0,87.0
NE0141,CORE,South,CORE_profile,4,Healthy,2025-08-14 23:00:00+05:30,37.5,0.0091,0.1093,0.4653,0.9913,MEDIUM,35.8,52.76,53.79,0.611,9,85.2
NE0142,CORE,Central,CORE_profile,4,Healthy,2025-08-14 23:00:00+05:30,38.5,0.0137,0.1112,0.4554,0.99,MEDIUM,37.9,54.14,47.27,0.294,0,94.0
NE0143,OPTICAL,North,OPTICAL_profile,4,Healthy,2025-08-14 23:00:00+05:30,44.71,0.0156,0.1128,0.413,0.9788,MEDIUM,28.25,34.37,52.79,0.0,0,83.1
NE0144,RAN,North,RAN_profile,6,Warning,2025-08-14 23:00:00+05:30,27.41,0.029,0.1998,0.6186,0.9988,MEDIUM,41.11,57.53,57.04,0.848,17,75.7
NE0145,EDGE,Central,EDGE_profile,8,Healthy,2025-08-14 23:00:00+05:30,29.0,0.026,0.1653,0.5641,0.9978,MEDIUM,25.79,38.31,49.34,0.926,4,81.8
NE0146,RAN,West,RAN_profile,12,Healthy,2025-08-14 23:00:00+05:30,45.33,0.016,0.106,0.4041,0.9784,MEDIUM,31.48,36.78,46.37,1.188,0,86.9
NE0147,EDGE,North,EDGE_profile,4,Warning,2025-08-14 23:00:00+05:30,30.04,0.0267,0.2156,0.624,0.9987,MEDIUM,46.83,48.34,62.51,0.0,10,74.3
NE0148,EDGE,West,EDGE_profile,6,Warning,2025-08-14 23:00:00+05:30,27.91,0.0286,0.2196,0.626,0.9989,MEDIUM,42.85,67.12,57.92,0.978,9,77.0
NE0149,OPTICAL,Central,OPTICAL_profile,2,Healthy,2025-08-14 23:00:00+05:30,46.14,0.0229,0.1267,0.4104,0.9745,MEDIUM,27.09,44.01,53.15,0.587,2,80.0
NE0150,OPTICAL,West,OPTICAL_profile,6,Healthy,2025-08-14 23:00:00+05:30,99999.0,0.0036,0.0191,0.0714,0.4007,NORMAL,34.11,46.44,53.04,0.03,9,83.5
NE0151,OPTICAL,North,OPTICAL_profile,2,Healthy,2025-08-14 23:00:00+05:30,35.56,0.0222,0.1497,0.4939,0.992,MEDIUM,26.81,41.06,53.88,0.0,3,92.6
NE0152,EDGE,South,EDGE_profile,2,Warning,2025-08-14 23:00:00+05:30,24.12,0.0238,0.1994,0.6627,0.9997,MEDIUM,49.72,48.66,57.47,0.37,5,84.6
NE0153,CORE,Central,CORE_profile,6,Healthy,2025-08-14 23:00:00+05:30,105.67,0.0085,0.0476,0.1967,0.7989,LOW,36.13,52.35,46.78,0.397,0,87.4
NE0154,CORE,East,CORE_profile,2,Minor,2025-08-14 23:00:00+05:30,54.44,0.0,0.0655,0.3282,0.9531,MEDIUM,68.75,72.51,71.77,1.371,17,66.1
NE0155,RAN,South,RAN_profile,8,Healthy,2025-08-14 23:00:00+05:30,59.0,0.0167,0.0897,0.33,0.9449,MEDIUM,30.24,34.53,51.02,0.723,2,88.5
NE0156,EDGE,Central,EDGE_profile,4,Healthy,2025-08-14 23:00:00+05:30,33.33,0.0053,0.0868,0.4951,0.9967,MEDIUM,30.02,48.26,49.53,0.42,0,88.4
NE0157,RAN,East,RAN_profile,6,Failure,2025-08-14 23:00:00+05:30,27.4,0.8525,0.8731,0.9364,0.9998,CRITICAL,90.04,90.25,86.69,19.457,244,8.9
NE0158,RAN,Central,RAN_profile,4,Healthy,2025-08-14 23:00:00+05:30,29.9,0.0349,0.1811,0.5567,0.9968,MEDIUM,31.81,55.14,44.03,0.188,4,80.2
NE0159,CORE,Central,CORE_profile,4,Healthy,2025-08-14 23:00:00+05:30,33.67,0.027,0.1669,0.5155,0.9936,MEDIUM,31.13,41.52,53.18,0.166,0,91.5
NE0160,EDGE,North,EDGE_profile,6,Healthy,2025-08-14 23:00:00+05:30,18.36,0.0296,0.2144,0.7464,1.0,HIGH,34.26,42.4,48.99,1.273,0,90.5
NE0161,RAN,West,RAN_profile,2,Healthy,2025-08-14 23:00:00+05:30,32.1,0.0158,0.1192,0.5123,0.997,MEDIUM,28.32,47.05,48.93,0.614,0,86.8
NE0162,OPTICAL,East,OPTICAL_profile,4,Healthy,2025-08-14 23:00:00+05:30,63.2,0.0078,0.0727,0.307,0.9341,MEDIUM,27.68,46.8,52.4,0.181,6,90.3
NE0163,RAN,East,RAN_profile,4,Healthy,2025-08-14 23:00:00+05:30,24.67,0.0283,0.1811,0.6259,0.9994,MEDIUM,26.57,40.27,47.02,0.166,5,91.9
NE0164,CORE,South,CORE_profile,6,Healthy,2025-08-14 23:00:00+05:30,106.33,0.0041,0.0411,0.1915,0.7976,LOW,37.33,48.82,45.94,0.0,11,78.9
NE0165,OPTICAL,North,OPTICAL_profile,6,Healthy,2025-08-14 23:00:00+05:30,36.62,0.0331,0.1669,0.4902,0.9897,MEDIUM,25.43,54.76,55.08,0.0,0,80.6
NE0166,OPTICAL,West,OPTICAL_profile,12,Major,2025-08-14 23:00:00+05:30,21.28,0.0,0.224,0.6966,0.9997,HIGH,82.07,82.31,79.88,2.322,51,66.3
NE0167,RAN,North,RAN_profile,2,Healthy,2025-08-14 23:00:00+05:30,40.43,0.0116,0.1098,0.4409,0.987,MEDIUM,12.67,42.4,51.94,1.381,5,88.5
NE0168,CORE,Central,CORE_profile,12,Healthy,2025-08-14 23:00:00+05:30,44.17,0.01,0.0964,0.4086,0.9814,MEDIUM,39.91,41.82,49.57,0.848,9,78.4
NE0169,RAN,Central,RAN_profile,2,Healthy,2025-08-14 23:00:00+05:30,36.0,0.0182,0.1183,0.4753,0.9932,MEDIUM,32.86,39.38,46.56,0.866,5,87.3
NE0170,EDGE,Central,EDGE_profile,12,Healthy,2025-08-14 23:00:00+05:30,24.44,0.0,0.1325,0.6288,0.9997,MEDIUM,29.43,51.31,54.86,0.437,0,79.3
NE0171,RAN,East,RAN_profile,6,Healthy,2025-08-14 23:00:00+05:30,31.78,0.0114,0.1223,0.523,0.9968,MEDIUM,31.11,55.91,53.77,0.765,0,86.2
NE0172,RAN,North,RAN_profile,4,Warning,2025-08-14 23:00:00+05:30,107.75,0.0,0.0354,0.1983,0.8013,LOW,45.26,49.15,60.88,0.271,11,84.8
NE0173,RAN,North,RAN_profile,6,Minor,2025-08-14 23:00:00+05:30,61.2,0.0476,0.1756,0.4098,0.951,MEDIUM,56.13,64.69,69.28,2.272,17,70.5
NE0174,CORE,North,CORE_profile,12,Healthy,2025-08-14 23:00:00+05:30,32.75,0.0274,0.1637,0.5237,0.9947,MEDIUM,39.16,50.06,49.55,0.0,2,76.5
NE0175,EDGE,West,EDGE_profile,2,Healthy,2025-08-14 23:00:00+05:30,29.09,0.0066,0.0952,0.547,0.9989,MEDIUM,39.3,30.41,46.85,0.0,0,80.1
NE0176,RAN,South,RAN_profile,2,Minor,2025-08-14 23:00:00+05:30,54.2,0.0476,0.1288,0.3729,0.9559,MEDIUM,60.59,66.89,67.21,1.538,21,66.2
NE0177,CORE,South,CORE_profile,4,Warning,2025-08-14 23:00:00+05:30,29.69,0.04,0.2044,0.5901,0.9979,MEDIUM,42.45,60.05,61.61,1.862,5,77.1
NE0178,RAN,Central,RAN_profile,12,Warning,2025-08-14 23:00:00+05:30,29.64,0.027,0.186,0.5865,0.9979,MEDIUM,39.16,62.53,60.45,0.443,1,72.6
NE0179,EDGE,North,EDGE_profile,4,Healthy,2025-08-14 23:00:00+05:30,44.29,0.0124,0.0947,0.4059,0.9814,MEDIUM,23.24,48.5,51.93,0.436,0,77.3
NE0180,CORE,Central,CORE_profile,6,Failure,2025-08-14 23:00:00+05:30,35.62,0.86,0.8789,0.9274,0.9988,CRITICAL,90.79,99.9,93.11,16.302,244,11.0
NE0181,RAN,East,RAN_profile,8,Failure,2025-08-14 23:00:00+05:30,25.3,0.8902,0.9085,0.9562,0.9999,CRITICAL,100.0,100.0,94.43,20.157,255,7.7
NE0182,EDGE,Central,EDGE_profile,6,Minor,2025-08-14 23:00:00+05:30,26.74,0.0556,0.3683,0.7288,0.9995,HIGH,55.73,63.03,70.78,1.65,22,63.9
NE0183,CORE,South,CORE_profile,6,Minor,2025-08-14 23:00:00+05:30,42.84,0.037,0.2061,0.4987,0.9851,MEDIUM,59.96,66.85,73.98,1.223,28,67.0
NE0184,RAN,North,RAN_profile,8,Healthy,2025-08-14 23:00:00+05:30,48.67,0.0063,0.0812,0.375,0.9731,MEDIUM,32.75,45.4,51.24,0.0,0,83.6
NE0185,CORE,North,CORE_profile,4,Healthy,2025-08-14 23:00:00+05:30,52.17,0.0,0.056,0.3433,0.9675,MEDIUM,32.81,45.88,47.3,0.0,3,86.8
NE0186,OPTICAL,North,OPTICAL_profile,12,Failure,2025-08-14 23:00:00+05:30,99999.0,0.9271,0.9394,0.967,0.9997,CRITICAL,89.42,100.0,91.78,14.394,243,4.7
NE0187,EDGE,Central,EDGE_profile,2,Warning,2025-08-14 23:00:00+05:30,20.9,0.0494,0.2564,0.7068,0.9998,HIGH,39.59,61.42,60.45,0.792,3,86.5
NE0188,RAN,North,RAN_profile,2,Warning,2025-08-14 23:00:00+05:30,31.9,0.0,0.1234,0.5205,0.996,MEDIUM,47.82,56.33,52.47,1.121,7,81.2
NE0189,RAN,West,RAN_profile,8,Healthy,2025-08-14 23:00:00+05:30,19.92,0.0542,0.2636,0.7087,0.9998,HIGH,36.93,37.23,53.75,0.0,6,88.1
NE0190,EDGE,East,EDGE_profile,6,Failure,2025-08-14 23:00:00+05:30,22.17,0.8406,0.8671,0.9448,1.0,CRITICAL,97.47,100.0,90.1,24.227,247,3.6
NE0191,OPTICAL,Central,OPTICAL_profile,8,Healthy,2025-08-14 23:00:00+05:30,46.5,0.0214,0.1223,0.4065,0.9741,MEDIUM,22.3,57.92,55.86,0.348,0,86.6
NE0192,RAN,Central,RAN_profile,4,Minor,2025-08-14 23:00:00+05:30,33.84,0.0,0.1472,0.5318,0.9952,MEDIUM,57.8,62.21,72.17,1.82,18,67.7
NE0193,RAN,East,RAN_profile,4,Warning,2025-08-14 23:00:00+05:30,26.57,0.022,0.168,0.5562,0.9971,MEDIUM,44.22,59.07,60.33,0.7,11,80.6
NE0194,RAN,North,RAN_profile,6,Healthy,2025-08-14 23:00:00+05:30,61.2,0.0,0.0552,0.3022,0.943,MEDIUM,31.37,50.92,49.59,0.0,2,87.9
NE0195,OPTICAL,West,OPTICAL_profile,4,Healthy,2025-08-14 23:00:00+05:30,29.5,0.0295,0.1799,0.5618,0.9971,MEDIUM,30.28,41.61,57.56,0.0,7,87.1
NE0196,RAN,South,RAN_profile,6,Minor,2025-08-14 23:00:00+05:30,25.29,0.027,0.2124,0.6186,0.9988,MEDIUM,65.44,63.99,71.23,0.62,16,60.2
NE0197,OPTICAL,East,OPTICAL_profile,4,Healthy,2025-08-14 23:00:00+05:30,163.0,0.0075,0.0395,0.1402,0.6443,LOW,34.32,34.27,55.42,0.0,0,88.3
NE0198,EDGE,West,EDGE_profile,6,Warning,2025-08-14 23:00:00+05:30,28.54,0.0137,0.1773,0.6139,0.999,MEDIUM,47.35,51.93,57.84,0.85,3,68.1
NE0199,EDGE,North,EDGE_profile,6,Major,2025-08-14 23:00:00+05:30,21.68,0.2,0.4143,0.7558,0.9998,HIGH,76.79,75.19,78.38,4.818,53,62.9
NE0200,CORE,Central,CORE_profile,6,Healthy,2025-08-14 23:00:00+05:30,24.09,0.0283,0.2028,0.6376,0.9994,MEDIUM,24.02,46.87,52.9,0.504,4,92.3
NE0201,OPTICAL,East,OPTICAL_profile,12,Healthy,2025-08-14 23:00:00+05:30,37.57,0.0099,0.1312,0.4714,0.9902,MEDIUM,30.16,31.19,47.39,0.0,0,86.7
NE0202,OPTICAL,South,OPTICAL_profile,4,Healthy,2025-08-14 23:00:00+05:30,52.83,0.0,0.0688,0.3487,0.9641,MEDIUM,17.84,49.2,57.95,0.695,7,73.0
NE0203,CORE,East,CORE_profile,2,Healthy,2025-08-14 23:00:00+05:30,29.18,0.0215,0.1623,0.5625,0.9977,MEDIUM,31.91,37.93,56.19,0.0,8,87.9
NE0204,OPTICAL,North,OPTICAL_profile,6,Healthy,2025-08-14 23:00:00+05:30,48.5,0.0,0.0711,0.3719,0.9744,MEDIUM,31.23,49.87,51.18,0.317,2,84.5
NE0205,OPTICAL,West,OPTICAL_profile,4,Healthy,2025-08-14 23:00:00+05:30,53.17,0.0173,0.1046,0.3645,0.9592,MEDIUM,31.83,57.51,54.02,1.137,3,91.8
NE0206,CORE,North,CORE_profile,12,Healthy,2025-08-14 23:00:00+05:30,73.25,0.0115,0.0731,0.2771,0.9016,LOW,33.63,50.2,53.26,0.12,1,85.3
NE0207,RAN,North,RAN_profile,4,Failure,2025-08-14 23:00:00+05:30,29.8,0.7568,0.7782,0.8847,0.9996,CRITICAL,100.0,94.62,85.22,20.263,246,6.9
NE0208,RAN,Central,RAN_profile,12,Warning,2025-08-14 23:00:00+05:30,26.24,0.0172,0.2132,0.6353,0.9992,MEDIUM,45.13,56.83,59.52,1.565,16,76.8
NE0209,CORE,Central,CORE_profile,4,Warning,2025-08-14 23:00:00+05:30,33.44,0.0286,0.1751,0.5302,0.9947,MEDIUM,38.13,51.59,61.4,0.484,0,78.8
NE0210,CORE,East,CORE_profile,2,Healthy,2025-08-14 23:00:00+05:30,32.5,0.0045,0.1349,0.5211,0.9958,MEDIUM,27.53,46.81,48.95,0.581,5,84.9
NE0211,RAN,East,RAN_profile,2,Major,2025-08-14 23:00:00+05:30,53.29,0.0526,0.1653,0.4214,0.9654,HIGH,75.63,72.66,75.66,4.723,56,53.1
NE0212,OPTICAL,West,OPTICAL_profile,4,Failure,2025-08-14 23:00:00+05:30,44.43,0.75,0.7726,0.8503,0.9947,CRITICAL,92.78,90.91,97.15,14.613,255,5.4
NE0213,EDGE,East,EDGE_profile,6,Healthy,2025-08-14 23:00:00+05:30,16.67,0.041,0.2717,0.7795,1.0,HIGH,36.41,48.18,45.47,0.928,8,87.9
NE0214,EDGE,Central,EDGE_profile,2,Healthy,2025-08-14 23:00:00+05:30,29.47,0.0146,0.1358,0.5517,0.9981,MEDIUM,27.58,50.87,55.92,0.504,1,73.5
NE0215,RAN,Central,RAN_profile,4,Warning,2025-08-14 23:00:00+05:30,44.18,0.0132,0.1587,0.471,0.9851,MEDIUM,46.79,51.34,60.62,0.0,9,77.2
NE0216,RAN,Central,RAN_profile,6,Minor,2025-08-14 23:00:00+05:30,37.18,0.037,0.1373,0.4482,0.9876,MEDIUM,60.61,75.12,66.41,1.523,19,61.9
NE0217,CORE,West,CORE_profile,4,Healthy,2025-08-14 23:00:00+05:30,19.13,0.0648,0.3033,0.7234,0.9998,HIGH,32.77,55.36,49.99,0.141,0,89.6
NE0218,RAN,South,RAN_profile,6,Warning,2025-08-14 23:00:00+05:30,50.2,0.0,0.0805,0.356,0.9639,MEDIUM,43.27,55.27,61.84,0.737,7,87.9
NE0219,RAN,North,RAN_profile,4,Minor,2025-08-14 23:00:00+05:30,26.22,0.1026,0.3478,0.7157,0.9995,HIGH,57.87,62.99,70.03,2.068,21,70.8
NE0220,OPTICAL,East,OPTICAL_profile,12,Warning,2025-08-14 23:00:00+05:30,73.12,0.0488,0.1624,0.3561,0.9162,MEDIUM,52.76,53.86,64.28,0.0,15,81.2
NE0221,RAN,South,RAN_profile,8,Failure,2025-08-14 23:00:00+05:30,49.67,0.8649,0.8707,0.9113,0.9963,CRITICAL,91.71,96.39,93.24,20.566,244,2.9
NE0222,RAN,East,RAN_profile,2,Major,2025-08-14 23:00:00+05:30,45.9,0.0,0.1174,0.4174,0.9767,HIGH,84.97,77.33,81.56,5.203,57,50.6
NE0223,RAN,South,RAN_profile,8,Healthy,2025-08-14 23:00:00+05:30,60.2,0.0116,0.0742,0.3129,0.9441,MEDIUM,27.37,40.36,45.54,0.0,3,82.4
NE0224,CORE,South,CORE_profile,6,Healthy,2025-08-14 23:00:00+05:30,20.54,0.0478,0.2568,0.6982,0.9998,HIGH,24.04,51.17,53.33,0.0,0,83.7
NE0225,RAN,East,RAN_profile,6,Healthy,2025-08-14 23:00:00+05:30,31.89,0.0212,0.1465,0.5273,0.9961,MEDIUM,33.59,45.87,50.03,0.163,0,83.9
NE0226,EDGE,East,EDGE_profile,6,Warning,2025-08-14 23:00:00+05:30,27.86,0.0333,0.2186,0.6188,0.9988,MEDIUM,44.31,56.35,63.89,0.9,10,71.5
NE0227,RAN,South,RAN_profile,4,Healthy,2025-08-14 23:00:00+05:30,37.88,0.0214,0.1203,0.4536,0.9913,MEDIUM,30.95,49.24,50.02,0.834,0,90.4
NE0228,RAN,North,RAN_profile,6,Healthy,2025-08-14 23:00:00+05:30,25.09,0.038,0.2089,0.6221,0.999,MEDIUM,18.39,40.54,46.64,0.0,0,77.9
NE0229,RAN,North,RAN_profile,8,Failure,2025-08-14 23:00:00+05:30,25.2,0.8916,0.9133,0.9576,0.9998,CRITICAL,91.75,98.29,87.99,20.664,248,5.8
NE0230,RAN,West,RAN_profile,4,Failure,2025-08-14 23:00:00+05:30,34.0,0.7241,0.7602,0.8605,0.9982,CRITICAL,98.03,85.1,91.37,20.084,259,6.0
NE0231,RAN,North,RAN_profile,6,Healthy,2025-08-14 23:00:00+05:30,32.24,0.0214,0.1475,0.5228,0.9958,MEDIUM,31.13,36.32,47.79,0.0,3,86.3
NE0232,OPTICAL,Central,OPTICAL_profile,4,Healthy,2025-08-14 23:00:00+05:30,33.56,0.0253,0.1604,0.5149,0.994,MEDIUM,30.72,36.79,55.0,0.856,0,81.1
NE0233,CORE,South,CORE_profile,6,Healthy,2025-08-14 23:00:00+05:30,36.12,0.0359,0.1754,0.4972,0.99,MEDIUM,35.9,42.31,51.3,0.213,2,80.0
NE0234,CORE,West,CORE_profile,2,Healthy,2025-08-14 23:00:00+05:30,31.9,0.0124,0.1349,0.5264,0.9963,MEDIUM,34.05,46.61,51.52,0.276,4,83.4
NE0235,RAN,West,RAN_profile,6,Warning,2025-08-14 23:00:00+05:30,27.96,0.0,0.1123,0.5277,0.9971,MEDIUM,49.48,51.25,64.84,0.846,19,62.8
NE0236,CORE,East,CORE_profile,12,Failure,2025-08-14 23:00:00+05:30,25.56,0.9238,0.9387,0.9698,0.9999,CRITICAL,90.42,90.33,94.04,15.828,250,6.9
NE0237,OPTICAL,North,OPTICAL_profile,2,Healthy,2025-08-14 23:00:00+05:30,99999.0,0.0651,0.3034,0.746,0.9999,HIGH,30.62,42.13,54.52,0.041,0,92.7
NE0238,RAN,West,RAN_profile,8,Healthy,2025-08-14 23:00:00+05:30,49.17,0.0057,0.063,0.3577,0.9745,MEDIUM,26.17,49.0,49.93,0.0,6,90.8
NE0239,RAN,North,RAN_profile,2,Healthy,2025-08-14 23:00:00+05:30,32.1,0.0061,0.112,0.5165,0.9969,MEDIUM,38.68,55.08,50.08,0.569,0,85.1
NE0240,CORE,Central,CORE_profile,12,Healthy,2025-08-14 23:00:00+05:30,73.0,0.014,0.0792,0.2814,0.9016,LOW,31.48,39.77,47.09,1.007,0,100.0
NE0241,RAN,South,RAN_profile,6,Healthy,2025-08-14 23:00:00+05:30,25.0,0.0255,0.1702,0.6178,0.9994,MEDIUM,27.81,39.68,52.84,0.0,1,84.6
NE0242,EDGE,North,EDGE_profile,4,Healthy,2025-08-14 23:00:00+05:30,24.66,0.0068,0.1331,0.6221,0.9997,MEDIUM,22.64,51.08,44.09,0.268,0,72.5
NE0243,OPTICAL,North,OPTICAL_profile,6,Healthy,2025-08-14 23:00:00+05:30,48.67,0.0129,0.0963,0.382,0.9716,MEDIUM,24.91,46.24,45.74,0.218,0,94.5
NE0244,CORE,South,CORE_profile,4,Minor,2025-08-14 23:00:00+05:30,22.04,0.0667,0.2107,0.6605,0.9996,HIGH,56.55,71.36,67.73,0.551,16,74.2
NE0245,OPTICAL,South,OPTICAL_profile,4,Healthy,2025-08-14 23:00:00+05:30,51.83,0.0158,0.1057,0.3714,0.9626,MEDIUM,31.67,45.89,52.98,0.221,5,87.7
NE0246,CORE,North,CORE_profile,6,Healthy,2025-08-14 23:00:00+05:30,37.41,0.0189,0.1354,0.4739,0.9902,MEDIUM,34.88,54.33,49.57,0.907,10,78.8
NE0247,CORE,North,CORE_profile,6,Major,2025-08-14 23:00:00+05:30,51.19,0.0,0.0828,0.3614,0.9635,HIGH,75.08,79.88,76.92,2.75,63,43.7
NE0248,RAN,Central,RAN_profile,6,Major,2025-08-14 23:00:00+05:30,34.13,0.24,0.5624,0.7838,0.9981,HIGH,78.0,66.39,80.16,4.479,63,58.0
NE0249,EDGE,Central,EDGE_profile,6,Warning,2025-08-14 23:00:00+05:30,24.05,0.0426,0.2566,0.682,0.9995,MEDIUM,44.68,46.1,57.99,0.464,7,74.0
NE0250,RAN,South,RAN_profile,4,Healthy,2025-08-14 23:00:00+05:30,37.25,0.012,0.1062,0.461,0.9922,MEDIUM,29.27,36.13,49.59,0.0,0,89.8
NE0251,CORE,South,CORE_profile,12,Failure,2025-08-14 23:00:00+05:30,99999.0,0.931,0.9372,0.9547,0.9967,CRITICAL,95.29,100.0,92.94,15.834,252,2.3
NE0252,RAN,South,RAN_profile,2,Healthy,2025-08-14 23:00:00+05:30,20.67,0.0309,0.2254,0.6965,0.9999,HIGH,24.44,44.08,56.72,0.313,8,86.2
NE0253,RAN,North,RAN_profile,8,Failure,2025-08-14 23:00:00+05:30,26.4,0.8732,0.8958,0.9478,0.9998,CRITICAL,99.32,91.65,89.33,20.45,252,9.9
NE0254,CORE,East,CORE_profile,4,Healthy,2025-08-14 23:00:00+05:30,33.89,0.0268,0.1561,0.5101,0.9938,MEDIUM,40.75,49.32,51.43,0.971,2,80.6
NE0255,EDGE,West,EDGE_profile,12,Failure,2025-08-14 23:00:00+05:30,22.2,0.9204,0.9294,0.9723,1.0,CRITICAL,90.22,86.33,94.61,23.676,241,6.0
NE0256,RAN,East,RAN_profile,12,Healthy,2025-08-14 23:00:00+05:30,55.8,0.0,0.0466,0.3149,0.9602,MEDIUM,33.84,45.96,53.48,0.018,10,86.4
NE0257,RAN,East,RAN_profile,12,Failure,2025-08-14 23:00:00+05:30,27.11,0.9121,0.9265,0.9626,0.9999,CRITICAL,95.39,100.0,92.09,20.056,248,9.3
NE0258,OPTICAL,West,OPTICAL_profile,8,Healthy,2025-08-14 23:00:00+05:30,58.8,0.0125,0.0881,0.3325,0.9452,MEDIUM,33.77,38.99,55.71,0.088,4,96.4
NE0259,RAN,North,RAN_profile,8,Warning,2025-08-14 23:00:00+05:30,35.13,0.0339,0.1935,0.5435,0.9948,MEDIUM,44.77,52.58,60.29,0.632,4,80.7
NE0260,OPTICAL,East,OPTICAL_profile,2,Healthy,2025-08-14 23:00:00+05:30,53.83,0.0188,0.1049,0.3614,0.9574,MEDIUM,35.3,43.39,50.72,0.561,0,91.2
NE0261,EDGE,East,EDGE_profile,6,Warning,2025-08-14 23:00:00+05:30,26.2,0.0159,0.2041,0.6383,0.9993,MEDIUM,40.11,40.59,61.93,0.888,15,73.1
NE0262,EDGE,North,EDGE_profile,8,Failure,2025-08-14 23:00:00+05:30,41.43,0.8667,0.8763,0.92,0.9983,CRITICAL,97.06,98.85,86.18,24.752,246,0.0
NE0263,RAN,East,RAN_profile,6,Warning,2025-08-14 23:00:00+05:30,30.46,0.0385,0.2291,0.6042,0.998,MEDIUM,39.9,59.32,57.54,1.193,2,79.5
NE0264,CORE,North,CORE_profile,4,Minor,2025-08-14 23:00:00+05:30,29.64,0.0,0.2189,0.6006,0.998,MEDIUM,68.49,62.41,63.61,0.898,26,71.4
NE0265,EDGE,South,EDGE_profile,6,Failure,2025-08-14 23:00:00+05:30,37.5,0.8,0.8215,0.8907,0.9981,CRITICAL,87.94,80.68,87.36,24.093,254,1.9
NE0266,EDGE,East,EDGE_profile,6,Minor,2025-08-14 23:00:00+05:30,50.89,0.027,0.1279,0.3957,0.9666,MEDIUM,60.95,62.05,70.99,1.794,15,52.6
NE0267,CORE,East,CORE_profile,6,Healthy,2025-08-14 23:00:00+05:30,25.09,0.0383,0.218,0.6234,0.9989,MEDIUM,30.2,49.0,51.87,0.0,0,86.0
NE0268,RAN,West,RAN_profile,8,Failure,2025-08-14 23:00:00+05:30,49.33,0.8718,0.8848,0.9203,0.9957,CRITICAL,95.02,93.41,92.4,20.48,253,4.4
NE0269,OPTICAL,West,OPTICAL_profile,6,Healthy,2025-08-14 23:00:00+05:30,99999.0,0.0,0.0083,0.061,0.3954,NORMAL,22.77,48.34,54.82,1.354,7,83.2
NE0270,CORE,Central,CORE_profile,2,Healthy,2025-08-14 23:00:00+05:30,46.29,0.0185,0.1137,0.4038,0.9754,MEDIUM,26.43,38.87,52.02,0.0,0,82.8
NE0271,RAN,Central,RAN_profile,8,Failure,2025-08-14 23:00:00+05:30,61.0,0.8667,0.8709,0.9047,0.9925,CRITICAL,94.65,98.14,85.32,19.26,244,1.5
NE0272,RAN,West,RAN_profile,6,Healthy,2025-08-14 23:00:00+05:30,78.0,0.0049,0.0425,0.2382,0.8921,LOW,28.35,49.11,51.04,1.545,0,91.2
NE0273,OPTICAL,East,OPTICAL_profile,8,Healthy,2025-08-14 23:00:00+05:30,26.5,0.0396,0.2146,0.6038,0.9983,MEDIUM,29.27,46.6,53.77,0.824,3,84.5
NE0274,RAN,Central,RAN_profile,2,Healthy,2025-08-14 23:00:00+05:30,31.8,0.016,0.1375,0.5259,0.9965,MEDIUM,29.3,45.31,46.93,0.547,0,87.9
NE0275,EDGE,West,EDGE_profile,4,Minor,2025-08-14 23:00:00+05:30,33.46,0.0526,0.2711,0.6319,0.9975,MEDIUM,58.46,49.7,71.2,2.074,17,64.1
NE0276,OPTICAL,Central,OPTICAL_profile,4,Healthy,2025-08-14 23:00:00+05:30,80.0,0.0071,0.0566,0.2498,0.8818,LOW,25.23,48.87,56.37,0.712,1,81.0
NE0277,CORE,Central,CORE_profile,6,Minor,2025-08-14 23:00:00+05:30,35.84,0.0,0.0717,0.4234,0.9894,MEDIUM,67.46,71.05,69.47,0.811,15,65.7
NE0278,OPTICAL,East,OPTICAL_profile,6,Healthy,2025-08-14 23:00:00+05:30,36.75,0.0171,0.1285,0.477,0.9914,MEDIUM,24.08,45.41,53.17,0.323,1,85.5
NE0279,OPTICAL,East,OPTICAL_profile,4,Failure,2025-08-14 23:00:00+05:30,38.12,0.7333,0.7618,0.8532,0.9972,CRITICAL,89.3,99.08,93.45,14.218,245,7.5
NE0280,RAN,South,RAN_profile,4,Healthy,2025-08-14 23:00:00+05:30,24.75,0.0329,0.1863,0.6224,0.9994,MEDIUM,27.84,44.96,48.88,0.698,7,80.3
NE0281,RAN,South,RAN_profile,12,Minor,2025-08-14 23:00:00+05:30,33.73,0.0161,0.1526,0.5046,0.993,MEDIUM,63.28,66.83,70.66,2.908,16,68.6
NE0282,RAN,Central,RAN_profile,2,Minor,2025-08-14 23:00:00+05:30,25.77,0.1389,0.4303,0.7451,0.9993,HIGH,65.48,61.62,70.9,1.619,18,70.7
NE0283,RAN,North,RAN_profile,2,Healthy,2025-08-14 23:00:00+05:30,32.7,0.0095,0.1086,0.5108,0.9964,MEDIUM,32.09,44.92,47.89,0.019,0,85.5
NE0284,EDGE,West,EDGE_profile,2,Healthy,2025-08-14 23:00:00+05:30,36.23,0.0142,0.1032,0.4626,0.994,MEDIUM,32.96,39.35,54.94,0.559,0,75.2
NE0285,EDGE,Central,EDGE_profile,12,Failure,2025-08-14 23:00:00+05:30,20.09,0.9123,0.928,0.9727,1.0,CRITICAL,96.93,92.76,94.84,24.282,250,10.9
NE0286,OPTICAL,South,OPTICAL_profile,8,Minor,2025-08-14 23:00:00+05:30,77.93,0.0,0.0203,0.2109,0.8766,MEDIUM,60.63,65.48,75.25,1.216,11,69.0
NE0287,RAN,North,RAN_profile,4,Warning,2025-08-14 23:00:00+05:30,30.06,0.0154,0.145,0.5437,0.9969,MEDIUM,48.11,47.19,66.83,1.583,1,75.5
NE0288,OPTICAL,North,OPTICAL_profile,12,Healthy,2025-08-14 23:00:00+05:30,35.71,0.0286,0.1583,0.4947,0.9915,MEDIUM,24.12,49.19,56.61,0.579,2,76.6
NE0289,CORE,Central,CORE_profile,12,Healthy,2025-08-14 23:00:00+05:30,53.2,0.0,0.0651,0.3456,0.9635,MEDIUM,32.57,51.64,51.17,0.708,0,81.8
NE0290,EDGE,North,EDGE_profile,4,Minor,2025-08-14 23:00:00+05:30,22.22,0.0192,0.2048,0.6554,0.9996,HIGH,67.23,69.86,72.78,1.881,16,64.1
NE0291,RAN,East,RAN_profile,6,Warning,2025-08-14 23:00:00+05:30,34.28,0.0417,0.2032,0.5682,0.9964,MEDIUM,52.48,55.82,57.94,0.414,5,78.9
NE0292,RAN,North,RAN_profile,6,Major,2025-08-14 23:00:00+05:30,45.52,0.2308,0.5295,0.7435,0.9929,HIGH,70.22,75.85,81.03,4.667,66,51.7
NE0293,RAN,North,RAN_profile,2,Healthy,2025-08-14 23:00:00+05:30,28.73,0.037,0.1988,0.5744,0.9972,MEDIUM,30.14,38.61,47.5,1.022,14,83.5
NE0294,RAN,West,RAN_profile,6,Healthy,2025-08-14 23:00:00+05:30,49.67,0.01,0.0763,0.3616,0.972,MEDIUM,33.62,44.92,44.62,0.318,0,83.8
NE0295,EDGE,South,EDGE_profile,4,Healthy,2025-08-14 23:00:00+05:30,33.56,0.011,0.1063,0.497,0.996,MEDIUM,30.18,48.16,50.09,0.745,10,80.0
NE0296,CORE,East,CORE_profile,4,Healthy,2025-08-14 23:00:00+05:30,43.57,0.0049,0.0827,0.4074,0.9835,MEDIUM,38.01,46.08,46.87,0.0,5,85.3
NE0297,RAN,West,RAN_profile,12,Minor,2025-08-14 23:00:00+05:30,28.97,0.0652,0.3144,0.6868,0.999,MEDIUM,58.45,62.11,71.0,1.863,28,68.8
NE0298,RAN,North,RAN_profile,4,Healthy,2025-08-14 23:00:00+05:30,30.0,0.0387,0.1836,0.5559,0.9967,MEDIUM,26.63,48.5,50.73,0.0,0,79.9
NE0299,CORE,North,CORE_profile,4,Healthy,2025-08-14 23:00:00+05:30,51.17,0.0139,0.098,0.3708,0.9652,MEDIUM,35.67,47.04,54.06,0.693,2,91.2
NE0300,CORE,South,CORE_profile,2,Healthy,2025-08-14 23:00:00+05:30,40.12,0.0169,0.1251,0.4491,0.9866,MEDIUM,34.88,43.99,49.71,0.0,0,92.2
NE0301,OPTICAL,North,OPTICAL_profile,12,Healthy,2025-08-14 23:00:00+05:30,54.0,0.016,0.0977,0.357,0.9578,MEDIUM,30.22,45.75,56.63,0.0,7,87.3
NE0302,RAN,West,RAN_profile,6,Minor,2025-08-14 23:00:00+05:30,24.87,0.0,0.2346,0.6549,0.9992,MEDIUM,63.38,73.64,72.51,2.137,15,68.1
NE0303,RAN,North,RAN_profile,4,Warning,2025-08-14 23:00:00+05:30,38.48,0.0,0.1182,0.4743,0.9907,MEDIUM,42.4,57.28,56.5,0.805,0,72.5
NE0304,RAN,East,RAN_profile,4,Healthy,2025-08-14 23:00:00+05:30,37.75,0.0106,0.0942,0.4541,0.992,MEDIUM,34.78,46.68,47.21,0.431,11,78.6
NE0305,EDGE,Central,EDGE_profile,6,Minor,2025-08-14 23:00:00+05:30,26.87,0.0,0.3381,0.7266,0.9994,HIGH,47.79,70.36,69.18,2.949,22,75.0
NE0306,RAN,East,RAN_profile,2,Healthy,2025-08-14 23:00:00+05:30,26.33,0.0235,0.1684,0.5987,0.999,MEDIUM,21.38,36.01,50.36,0.593,4,93.6
NE0307,OPTICAL,South,OPTICAL_profile,6,Minor,2025-08-14 23:00:00+05:30,76.41,0.0465,0.1798,0.3701,0.9112,MEDIUM,61.76,59.86,73.62,1.241,25,80.5
NE0308,CORE,South,CORE_profile,4,Healthy,2025-08-14 23:00:00+05:30,38.25,0.0259,0.1437,0.4693,0.9885,MEDIUM,21.6,46.0,44.34,1.192,3,82.1
NE0309,OPTICAL,West,OPTICAL_profile,2,Healthy,2025-08-14 23:00:00+05:30,65.8,0.0076,0.0735,0.2997,0.9257,MEDIUM,30.48,53.71,51.08,0.0,0,85.2
NE0310,EDGE,East,EDGE_profile,4,Failure,2025-08-14 23:00:00+05:30,17.13,0.7541,0.7992,0.9407,1.0,CRITICAL,93.31,90.27,89.35,24.463,255,8.8
NE0311,RAN,South,RAN_profile,4,Healthy,2025-08-14 23:00:00+05:30,63.4,0.0056,0.0523,0.2924,0.9368,MEDIUM,23.94,44.52,50.93,0.0,11,86.2
NE0312,RAN,West,RAN_profile,8,Healthy,2025-08-14 23:00:00+05:30,41.0,0.0154,0.1106,0.4355,0.9862,MEDIUM,30.71,50.05,47.83,0.292,0,87.2
NE0313,EDGE,North,EDGE_profile,6,Healthy,2025-08-14 23:00:00+05:30,30.56,0.0175,0.1481,0.5423,0.9971,MEDIUM,37.57,48.21,54.83,0.472,9,77.1
NE0314,RAN,East,RAN_profile,6,Healthy,2025-08-14 23:00:00+05:30,36.5,0.0229,0.1252,0.4743,0.9922,MEDIUM,39.51,43.02,49.91,0.64,2,80.7
NE0315,CORE,North,CORE_profile,8,Healthy,2025-08-14 23:00:00+05:30,30.22,0.0297,0.1762,0.5528,0.9967,MEDIUM,30.75,55.19,48.76,0.0,0,78.6
NE0316,RAN,North,RAN_profile,6,Healthy,2025-08-14 23:00:00+05:30,22.17,0.026,0.1819,0.668,0.9998,HIGH,25.86,44.95,52.7,0.0,2,88.5
NE0317,OPTICAL,East,OPTICAL_profile,4,Warning,2025-08-14 23:00:00+05:30,17.21,0.1579,0.4766,0.8423,1.0,HIGH,36.83,63.35,62.43,0.563,14,79.7
NE0318,OPTICAL,East,OPTICAL_profile,12,Healthy,2025-08-14 23:00:00+05:30,31.25,0.0267,0.1704,0.5408,0.9959,MEDIUM,31.21,44.23,51.47,0.181,0,75.8
NE0319,EDGE,Central,EDGE_profile,4,Healthy,2025-08-14 23:00:00+05:30,26.55,0.0171,0.1481,0.5941,0.9991,MEDIUM,25.38,45.14,49.64,0.0,7,80.0
NE0320,RAN,South,RAN_profile,2,Healthy,2025-08-14 23:00:00+05:30,32.2,0.024,0.1416,0.521,0.9961,MEDIUM,25.13,46.45,46.16,0.0,0,73.7
NE0321,RAN,Central,RAN_profile,2,Warning,2025-08-14 23:00:00+05:30,29.13,0.0317,0.19,0.5751,0.9975,MEDIUM,31.62,50.39,60.32,1.351,6,78.5
NE0322,RAN,West,RAN_profile,6,Healthy,2025-08-14 23:00:00+05:30,36.0,0.0142,0.1248,0.4798,0.9928,MEDIUM,33.27,33.97,49.67,0.268,2,79.7
NE0323,OPTICAL,North,OPTICAL_profile,8,Healthy,2025-08-14 23:00:00+05:30,59.2,0.004,0.0751,0.3242,0.9457,MEDIUM,42.18,44.38,56.65,0.295,1,85.8
NE0324,RAN,South,RAN_profile,8,Healthy,2025-08-14 23:00:00+05:30,29.22,0.0174,0.1489,0.5587,0.9979,MEDIUM,29.38,43.11,54.54,0.225,7,82.6
NE0325,RAN,West,RAN_profile,8,Healthy,2025-08-14 23:00:00+05:30,39.86,0.0244,0.1427,0.4573,0.9859,MEDIUM,34.42,35.57,49.06,0.0,7,82.4
NE0326,RAN,North,RAN_profile,4,Healthy,2025-08-14 23:00:00+05:30,29.7,0.0311,0.1768,0.5584,0.9971,MEDIUM,28.68,46.18,44.83,1.098,0,81.8
NE0327,RAN,West,RAN_profile,12,Healthy,2025-08-14 23:00:00+05:30,24.89,0.0476,0.2297,0.6267,0.9989,MEDIUM,26.53,52.3,52.57,0.543,4,84.6
NE0328,OPTICAL,North,OPTICAL_profile,8,Healthy,2025-08-14 23:00:00+05:30,49.5,0.0194,0.1139,0.3867,0.9677,MEDIUM,29.93,43.83,50.43,1.29,2,95.0
NE0329,CORE,North,CORE_profile,4,Warning,2025-08-14 23:00:00+05:30,38.85,0.0588,0.2006,0.5067,0.9895,MEDIUM,46.43,56.92,66.11,0.0,1,73.4
NE0330,CORE,North,CORE_profile,6,Healthy,2025-08-14 23:00:00+05:30,79.25,0.0087,0.0657,0.2579,0.8828,LOW,33.14,53.9,46.69,0.607,0,84.3
NE0331,OPTICAL,North,OPTICAL_profile,2,Warning,2025-08-14 23:00:00+05:30,46.05,0.0385,0.1574,0.438,0.978,MEDIUM,33.72,60.76,63.96,1.143,13,80.5
NE0332,EDGE,West,EDGE_profile,2,Healthy,2025-08-14 23:00:00+05:30,23.16,0.0113,0.1592,0.6513,0.9998,HIGH,32.7,42.64,45.94,0.972,0,84.9
NE0333,EDGE,South,EDGE_profile,4,Healthy,2025-08-14 23:00:00+05:30,26.55,0.0163,0.1496,0.5952,0.9991,MEDIUM,35.15,46.94,45.12,0.806,0,78.4
NE0334,RAN,South,RAN_profile,6,Healthy,2025-08-14 23:00:00+05:30,32.33,0.0071,0.0961,0.5095,0.9971,MEDIUM,28.53,36.42,44.26,0.047,3,84.0
NE0335,EDGE,North,EDGE_profile,4,Warning,2025-08-14 23:00:00+05:30,29.68,0.0366,0.2178,0.6058,0.9982,MEDIUM,47.51,61.92,61.64,1.832,6,81.7
NE0336,CORE,North,CORE_profile,4,Healthy,2025-08-14 23:00:00+05:30,30.2,0.0221,0.1628,0.5507,0.997,MEDIUM,30.84,46.46,47.81,0.361,0,87.4
NE0337,OPTICAL,Central,OPTICAL_profile,2,Minor,2025-08-14 23:00:00+05:30,80.64,0.0588,0.1727,0.3549,0.8966,MEDIUM,60.77,69.4,73.11,1.597,30,69.0
NE0338,RAN,North,RAN_profile,4,Healthy,2025-08-14 23:00:00+05:30,44.29,0.0197,0.1123,0.4129,0.9801,MEDIUM,30.29,52.47,49.84,0.028,8,92.5
NE0339,OPTICAL,South,OPTICAL_profile,6,Healthy,2025-08-14 23:00:00+05:30,35.62,0.0164,0.1398,0.4904,0.9924,MEDIUM,31.33,39.93,47.5,0.0,6,92.9
NE0340,OPTICAL,South,OPTICAL_profile,12,Healthy,2025-08-14 23:00:00+05:30,99999.0,0.031,0.1655,0.5105,0.9931,MEDIUM,32.15,40.89,55.74,0.0,2,88.3
NE0341,CORE,West,CORE_profile,8,Healthy,2025-08-14 23:00:00+05:30,35.25,0.0182,0.1349,0.4924,0.993,MEDIUM,38.46,52.92,53.32,0.431,5,84.4
NE0342,CORE,South,CORE_profile,2,Healthy,2025-08-14 23:00:00+05:30,22.5,0.0449,0.2407,0.6644,0.9995,HIGH,30.31,59.9,48.2,0.0,6,86.4
NE0343,OPTICAL,East,OPTICAL_profile,2,Healthy,2025-08-14 23:00:00+05:30,99999.0,0.0148,0.0766,0.2592,0.8727,LOW,28.55,41.46,56.29,0.629,0,95.0
NE0344,OPTICAL,Central,OPTICAL_profile,4,Healthy,2025-08-14 23:00:00+05:30,53.0,0.0185,0.105,0.3654,0.9596,MEDIUM,28.6,41.83,49.5,0.858,6,90.4
NE0345,RAN,West,RAN_profile,6,Healthy,2025-08-14 23:00:00+05:30,31.78,0.0219,0.1415,0.5247,0.9965,MEDIUM,28.71,46.91,48.01,0.0,8,82.8
NE0346,RAN,East,RAN_profile,12,Warning,2025-08-14 23:00:00+05:30,35.01,0.02,0.1606,0.5208,0.9944,MEDIUM,46.32,33.74,58.27,0.79,4,79.1
NE0347,RAN,Central,RAN_profile,4,Major,2025-08-14 23:00:00+05:30,38.53,0.0,0.1015,0.4342,0.9871,HIGH,66.79,65.38,84.0,3.809,70,53.8
NE0348,RAN,West,RAN_profile,2,Warning,2025-08-14 23:00:00+05:30,54.59,0.0,0.0768,0.3386,0.9541,MEDIUM,50.22,60.14,61.13,0.307,11,84.5
NE0349,EDGE,North,EDGE_profile,4,Healthy,2025-08-14 23:00:00+05:30,39.0,0.0201,0.13,0.4583,0.9882,MEDIUM,32.7,33.11,46.2,0.0,4,80.9
NE0350,CORE,South,CORE_profile,6,Warning,2025-08-14 23:00:00+05:30,34.67,0.0833,0.2726,0.585,0.995,MEDIUM,58.51,59.71,64.4,1.06,19,76.5
NE0351,CORE,North,CORE_profile,2,Healthy,2025-08-14 23:00:00+05:30,81.75,0.0072,0.0556,0.2442,0.8763,LOW,38.8,45.26,51.05,0.566,1,82.1
NE0352,OPTICAL,North,OPTICAL_profile,6,Healthy,2025-08-14 23:00:00+05:30,28.6,0.0236,0.1732,0.5717,0.9978,MEDIUM,35.92,39.13,52.15,0.408,1,88.5
NE0353,CORE,North,CORE_profile,4,Healthy,2025-08-14 23:00:00+05:30,64.4,0.0118,0.0769,0.3054,0.9298,MEDIUM,24.66,49.84,49.15,0.881,0,85.5
NE0354,EDGE,Central,EDGE_profile,2,Minor,2025-08-14 23:00:00+05:30,26.24,0.0294,0.203,0.6076,0.9986,MEDIUM,64.43,62.92,68.04,2.503,20,63.7
NE0355,EDGE,South,EDGE_profile,2,Minor,2025-08-14 23:00:00+05:30,14.23,0.1,0.4627,0.8891,1.0,HIGH,61.76,69.18,70.12,2.027,18,59.8
NE0356,RAN,East,RAN_profile,12,Failure,2025-08-14 23:00:00+05:30,44.83,0.9242,0.9306,0.9538,0.9984,CRITICAL,98.47,94.1,91.72,20.347,252,0.0
NE0357,RAN,South,RAN_profile,6,Warning,2025-08-14 23:00:00+05:30,36.33,0.0128,0.1258,0.4759,0.9912,MEDIUM,41.28,46.86,61.17,1.124,7,77.7
NE0358,CORE,West,CORE_profile,6,Healthy,2025-08-14 23:00:00+05:30,105.0,0.0078,0.0487,0.1999,0.8006,LOW,33.66,42.54,42.37,0.131,1,92.2
NE0359,EDGE,Central,EDGE_profile,8,Warning,2025-08-14 23:00:00+05:30,25.27,0.0833,0.3484,0.7663,0.9999,HIGH,47.18,65.11,60.47,2.446,10,67.1
NE0360,OPTICAL,North,OPTICAL_profile,12,Healthy,2025-08-14 23:00:00+05:30,34.0,0.0211,0.1489,0.5081,0.9939,MEDIUM,34.76,52.4,47.73,0.0,0,95.0
NE0361,OPTICAL,East,OPTICAL_profile,12,Healthy,2025-08-14 23:00:00+05:30,24.56,0.0351,0.2213,0.6327,0.999,MEDIUM,28.09,48.65,53.83,0.839,0,88.6
NE0362,EDGE,South,EDGE_profile,6,Failure,2025-08-14 23:00:00+05:30,24.73,0.8413,0.8614,0.9377,0.9999,CRITICAL,100.0,94.06,94.86,24.951,241,4.8
NE0363,EDGE,South,EDGE_profile,6,Minor,2025-08-14 23:00:00+05:30,16.43,0.0357,0.4285,0.8511,1.0,HIGH,60.88,79.52,69.48,2.904,17,62.2
NE0364,EDGE,Central,EDGE_profile,6,Warning,2025-08-14 23:00:00+05:30,31.78,0.0194,0.1689,0.5423,0.996,MEDIUM,50.36,50.73,60.65,0.647,0,82.9
NE0365,RAN,South,RAN_profile,4,Healthy,2025-08-14 23:00:00+05:30,38.62,0.0,0.0831,0.4444,0.9913,MEDIUM,26.95,38.21,55.45,0.088,5,93.0
NE0366,OPTICAL,West,OPTICAL_profile,8,Healthy,2025-08-14 23:00:00+05:30,20.25,0.0459,0.2534,0.7036,0.9998,HIGH,28.54,42.6,57.33,0.177,13,87.7
NE0367,RAN,South,RAN_profile,6,Healthy,2025-08-14 23:00:00+05:30,43.29,0.0102,0.1032,0.4171,0.9826,MEDIUM,28.47,38.57,47.55,0.542,15,93.8
NE0368,OPTICAL,East,OPTICAL_profile,6,Failure,2025-08-14 23:00:00+05:30,25.36,0.8214,0.8495,0.9288,0.9998,CRITICAL,87.59,86.89,87.61,14.003,251,0.0
NE0369,CORE,East,CORE_profile,6,Healthy,2025-08-14 23:00:00+05:30,24.91,0.0306,0.1941,0.6225,0.9992,MEDIUM,21.75,53.11,45.73,0.247,8,80.9
NE0370,RAN,West,RAN_profile,6,Healthy,2025-08-14 23:00:00+05:30,79.25,0.0062,0.0568,0.2495,0.8847,LOW,33.74,38.29,45.51,0.379,6,89.1
NE0371,EDGE,West,EDGE_profile,8,Healthy,2025-08-14 23:00:00+05:30,18.69,0.0255,0.223,0.7392,1.0,HIGH,25.85,47.46,49.73,0.0,6,78.3
NE0372,RAN,South,RAN_profile,6,Warning,2025-08-14 23:00:00+05:30,27.05,0.0,0.1551,0.5851,0.9985,MEDIUM,42.59,50.22,57.89,0.612,2,73.9
NE0373,CORE,West,CORE_profile,4,Healthy,2025-08-14 23:00:00+05:30,52.17,0.0097,0.0935,0.3646,0.963,MEDIUM,28.12,59.87,48.79,0.0,2,88.4
NE0374,RAN,South,RAN_profile,12,Minor,2025-08-14 23:00:00+05:30,73.02,0.0323,0.1135,0.3123,0.9074,MEDIUM,64.66,61.65,73.88,1.564,19,72.3
NE0375,RAN,Central,RAN_profile,6,Healthy,2025-08-14 23:00:00+05:30,32.22,0.0158,0.1298,0.5197,0.9963,MEDIUM,26.61,53.05,46.68,0.104,0,97.8
NE0376,EDGE,East,EDGE_profile,2,Minor,2025-08-14 23:00:00+05:30,63.19,0.027,0.1653,0.4253,0.9538,MEDIUM,59.09,62.14,67.3,2.131,13,63.8
NE0377,RAN,Central,RAN_profile,8,Healthy,2025-08-14 23:00:00+05:30,29.56,0.0265,0.1651,0.5576,0.9974,MEDIUM,37.73,44.57,50.83,0.677,12,82.4
NE0378,CORE,Central,CORE_profile,4,Healthy,2025-08-14 23:00:00+05:30,80.75,0.0046,0.0512,0.2438,0.8803,LOW,27.23,57.11,47.09,0.337,9,83.7
NE0379,CORE,West,CORE_profile,12,Warning,2025-08-14 23:00:00+05:30,57.68,0.0,0.0651,0.3161,0.9443,MEDIUM,48.67,48.55,61.59,0.082,10,82.7
NE0380,OPTICAL,North,OPTICAL_profile,4,Healthy,2025-08-14 23:00:00+05:30,52.33,0.0188,0.1087,0.3704,0.9609,MEDIUM,23.1,52.31,56.77,0.539,6,81.0
NE0381,CORE,North,CORE_profile,4,Minor,2025-08-14 23:00:00+05:30,37.96,0.0,0.1212,0.4528,0.9878,MEDIUM,71.7,69.55,69.0,1.544,23,63.0
NE0382,RAN,South,RAN_profile,4,Healthy,2025-08-14 23:00:00+05:30,20.43,0.0377,0.2336,0.7003,0.9999,HIGH,29.27,39.78,52.6,0.0,8,84.1
NE0383,RAN,North,RAN_profile,4,Minor,2025-08-14 23:00:00+05:30,22.63,0.0213,0.2695,0.6957,0.9997,HIGH,54.05,55.84,71.08,1.064,19,67.9
NE0384,EDGE,North,EDGE_profile,2,Healthy,2025-08-14 23:00:00+05:30,20.8,0.0333,0.2134,0.6935,0.9999,HIGH,37.86,30.02,50.45,0.0,11,82.1
NE0385,RAN,West,RAN_profile,4,Healthy,2025-08-14 23:00:00+05:30,26.64,0.0311,0.1796,0.5972,0.9987,MEDIUM,27.57,45.85,49.77,0.0,5,90.7
NE0386,EDGE,Central,EDGE_profile,4,Healthy,2025-08-14 23:00:00+05:30,26.36,0.0172,0.1612,0.5992,0.999,MEDIUM,22.29,43.96,53.47,0.331,0,87.6
NE0387,CORE,East,CORE_profile,12,Warning,2025-08-14 23:00:00+05:30,25.44,0.0,0.1509,0.581,0.9986,MEDIUM,49.07,36.11,62.41,0.551,5,74.8
NE0388,EDGE,West,EDGE_profile,2,Healthy,2025-08-14 23:00:00+05:30,26.25,0.0161,0.1519,0.6,0.9992,MEDIUM,27.48,56.6,45.01,0.0,3,82.7
NE0389,CORE,Central,CORE_profile,6,Healthy,2025-08-14 23:00:00+05:30,49.0,0.0145,0.0969,0.379,0.971,MEDIUM,40.77,47.57,49.08,0.159,4,85.1
NE0390,OPTICAL,Central,OPTICAL_profile,2,Healthy,2025-08-14 23:00:00+05:30,110.0,0.0,0.0281,0.1771,0.7878,LOW,24.19,42.33,55.26,0.046,3,80.8
NE0391,RAN,North,RAN_profile,4,Warning,2025-08-14 23:00:00+05:30,27.27,0.0172,0.2143,0.6403,0.9991,MEDIUM,44.79,44.0,57.39,0.613,3,71.1
NE0392,RAN,East,RAN_profile,8,Warning,2025-08-14 23:00:00+05:30,58.93,0.0,0.0882,0.3649,0.9548,MEDIUM,47.56,50.07,62.03,1.057,6,71.1
NE0393,EDGE,North,EDGE_profile,6,Minor,2025-08-14 23:00:00+05:30,24.64,0.0455,0.2505,0.6632,0.9994,MEDIUM,62.42,64.5,68.27,1.998,14,64.9
NE0394,CORE,North,CORE_profile,2,Healthy,2025-08-14 23:00:00+05:30,22.57,0.0357,0.2196,0.6627,0.9996,HIGH,40.31,48.1,46.01,0.553,0,86.7
NE0395,RAN,South,RAN_profile,4,Failure,2025-08-14 23:00:00+05:30,30.7,0.6786,0.7123,0.8445,0.9992,CRITICAL,99.66,95.41,87.21,19.868,252,10.2
NE0396,EDGE,East,EDGE_profile,8,Healthy,2025-08-14 23:00:00+05:30,41.14,0.0068,0.0832,0.4195,0.9881,MEDIUM,25.87,40.69,53.39,0.163,0,71.5
NE0397,RAN,Central,RAN_profile,6,Warning,2025-08-14 23:00:00+05:30,27.3,0.0377,0.1867,0.589,0.9982,MEDIUM,36.9,47.62,56.29,2.058,8,70.6
NE0398,CORE,Central,CORE_profile,2,Healthy,2025-08-14 23:00:00+05:30,26.25,0.0159,0.1729,0.6028,0.9989,MEDIUM,36.44,48.99,52.07,0.0,3,84.9
NE0399,EDGE,East,EDGE_profile,4,Minor,2025-08-14 23:00:00+05:30,29.79,0.1111,0.3756,0.7053,0.9987,HIGH,63.24,58.78,71.71,3.174,14,63.4
NE0400,CORE,East,CORE_profile,12,Healthy,2025-08-14 23:00:00+05:30,36.57,0.0229,0.1454,0.4838,0.9909,MEDIUM,36.5,55.99,47.42,0.0,0,90.0
NE0401,EDGE,North,EDGE_profile,4,Healthy,2025-08-14 23:00:00+05:30,20.29,0.037,0.2174,0.7032,0.9999,HIGH,36.17,49.01,54.62,0.59,3,92.0
NE0402,EDGE,East,EDGE_profile,2,Healthy,2025-08-14 23:00:00+05:30,24.54,0.0259,0.1882,0.6286,0.9994,MEDIUM,24.52,37.77,47.3,0.156,8,80.3
NE0403,CORE,East,CORE_profile,6,Healthy,2025-08-14 23:00:00+05:30,28.47,0.0276,0.1814,0.5746,0.9977,MEDIUM,41.34,57.68,52.2,0.271,2,78.5
NE0404,CORE,Central,CORE_profile,4,Healthy,2025-08-14 23:00:00+05:30,26.91,0.0326,0.1855,0.5947,0.9985,MEDIUM,32.5,46.87,51.36,0.175,6,80.8
NE0405,OPTICAL,Central,OPTICAL_profile,12,Failure,2025-08-14 23:00:00+05:30,56.4,0.9245,0.9302,0.9495,0.9963,CRITICAL,92.35,98.48,88.97,13.714,251,8.1
NE0406,RAN,Central,RAN_profile,4,Healthy,2025-08-14 23:00:00+05:30,38.62,0.0123,0.0907,0.4412,0.9914,MEDIUM,34.16,52.29,50.13,0.566,4,82.8
NE0407,CORE,South,CORE_profile,6,Healthy,2025-08-14 23:00:00+05:30,36.25,0.0179,0.1372,0.4841,0.9917,MEDIUM,26.92,45.12,49.98,1.03,2,86.4
NE0408,OPTICAL,East,OPTICAL_profile,8,Warning,2025-08-14 23:00:00+05:30,39.86,0.0,0.1075,0.4332,0.9852,MEDIUM,43.71,50.7,66.13,0.38,7,79.5
NE0409,OPTICAL,East,OPTICAL_profile,8,Warning,2025-08-14 23:00:00+05:30,102.0,0.0182,0.074,0.2275,0.8161,LOW,42.81,53.91,66.52,0.543,17,92.7
NE0410,RAN,East,RAN_profile,8,Healthy,2025-08-14 23:00:00+05:30,48.5,0.0059,0.0896,0.3807,0.9726,MEDIUM,34.43,32.93,50.74,0.0,0,90.7
NE0411,OPTICAL,East,OPTICAL_profile,4,Healthy,2025-08-14 23:00:00+05:30,44.0,0.0238,0.1319,0.4254,0.9787,MEDIUM,32.89,39.6,48.91,0.0,0,86.5
NE0412,EDGE,West,EDGE_profile,6,Warning,2025-08-14 23:00:00+05:30,24.91,0.058,0.2861,0.6904,0.9995,MEDIUM,43.32,46.14,61.21,0.938,5,67.7
NE0413,OPTICAL,Central,OPTICAL_profile,8,Major,2025-08-14 23:00:00+05:30,58.26,0.0,0.1668,0.4014,0.9532,HIGH,69.12,73.93,84.12,2.808,48,66.2
NE0414,EDGE,East,EDGE_profile,8,Healthy,2025-08-14 23:00:00+05:30,60.8,0.0054,0.0575,0.3049,0.9439,MEDIUM,28.05,63.17,52.45,0.007,0,77.0
NE0415,RAN,East,RAN_profile,4,Failure,2025-08-14 23:00:00+05:30,52.67,0.7368,0.7606,0.8307,0.9893,CRITICAL,96.93,93.59,94.89,19.809,250,0.0
NE0416,EDGE,South,EDGE_profile,8,Warning,2025-08-14 23:00:00+05:30,39.0,0.0132,0.1436,0.4749,0.9889,MEDIUM,52.37,54.16,61.28,0.683,6,78.0
NE0417,EDGE,Central,EDGE_profile,4,Healthy,2025-08-14 23:00:00+05:30,24.67,0.0123,0.1441,0.6247,0.9996,MEDIUM,32.6,47.51,50.74,0.0,7,78.6
NE0418,RAN,Central,RAN_profile,6,Healthy,2025-08-14 23:00:00+05:30,22.33,0.042,0.2263,0.6654,0.9996,HIGH,30.48,45.57,45.18,0.304,10,86.2
NE0419,EDGE,North,EDGE_profile,2,Healthy,2025-08-14 23:00:00+05:30,29.09,0.039,0.1972,0.5692,0.997,MEDIUM,27.94,38.11,51.92,0.576,8,79.2
NE0420,RAN,Central,RAN_profile,8,Healthy,2025-08-14 23:00:00+05:30,21.25,0.0364,0.2199,0.6857,0.9998,HIGH,29.73,47.26,49.9,0.498,5,84.8
NE0421,RAN,South,RAN_profile,4,Minor,2025-08-14 23:00:00+05:30,77.84,0.0,0.1025,0.3202,0.908,MEDIUM,57.99,64.88,66.9,2.444,18,65.4
NE0422,EDGE,West,EDGE_profile,6,Minor,2025-08-14 23:00:00+05:30,17.93,0.0678,0.3581,0.8079,1.0,HIGH,62.44,69.61,74.84,2.308,14,57.0
NE0423,EDGE,Central,EDGE_profile,8,Failure,2025-08-14 23:00:00+05:30,35.13,0.8704,0.8844,0.9316,0.9991,CRITICAL,100.0,97.7,94.21,23.767,247,0.0
NE0424,RAN,West,RAN_profile,2,Warning,2025-08-14 23:00:00+05:30,26.45,0.0,0.1634,0.5952,0.9988,MEDIUM,47.32,55.73,59.95,1.539,2,74.1
NE0425,RAN,North,RAN_profile,8,Failure,2025-08-14 23:00:00+05:30,41.14,0.8723,0.8829,0.9255,0.9982,CRITICAL,92.63,86.74,89.61,20.089,247,7.7
NE0426,OPTICAL,North,OPTICAL_profile,2,Healthy,2025-08-14 23:00:00+05:30,82.25,0.0081,0.0619,0.2485,0.8733,LOW,34.95,49.85,52.25,0.869,12,86.9
NE0427,RAN,South,RAN_profile,8,Warning,2025-08-14 23:00:00+05:30,34.22,0.0,0.106,0.4705,0.9921,MEDIUM,44.71,47.76,58.17,0.561,10,80.3
NE0428,EDGE,Central,EDGE_profile,4,Healthy,2025-08-14 23:00:00+05:30,38.63,0.0061,0.0779,0.436,0.9921,MEDIUM,35.64,44.43,46.8,0.912,3,75.6
NE0429,OPTICAL,West,OPTICAL_profile,8,Healthy,2025-08-14 23:00:00+05:30,29.67,0.005,0.1345,0.5535,0.9978,MEDIUM,22.75,57.62,51.14,0.0,2,91.2
NE0430,RAN,East,RAN_profile,8,Healthy,2025-08-14 23:00:00+05:30,41.04,0.0152,0.109,0.4347,0.9862,MEDIUM,28.95,38.38,52.43,0.686,0,91.6
NE0431,RAN,East,RAN_profile,4,Minor,2025-08-14 23:00:00+05:30,37.09,0.0968,0.3088,0.6249,0.9954,MEDIUM,60.51,64.94,75.83,1.912,22,68.9
NE0432,RAN,South,RAN_profile,4,Failure,2025-08-14 23:00:00+05:30,24.5,0.7317,0.771,0.8959,0.9998,CRITICAL,96.14,95.88,89.02,19.523,248,5.4
NE0433,EDGE,North,EDGE_profile,2,Healthy,2025-08-14 23:00:00+05:30,27.73,0.0096,0.1145,0.5721,0.9991,MEDIUM,24.15,41.59,48.45,0.01,9,81.0
NE0434,EDGE,Central,EDGE_profile,6,Warning,2025-08-14 23:00:00+05:30,36.5,0.029,0.166,0.5186,0.9937,MEDIUM,56.69,59.14,58.4,0.183,5,72.7
NE0435,RAN,South,RAN_profile,8,Healthy,2025-08-14 23:00:00+05:30,34.13,0.0154,0.1201,0.498,0.9949,MEDIUM,32.26,54.86,48.25,0.372,8,85.8
NE0436,RAN,East,RAN_profile,4,Failure,2025-08-14 23:00:00+05:30,24.42,0.7381,0.7749,0.8978,0.9999,CRITICAL,87.55,97.39,93.74,20.865,260,4.1
NE0437,EDGE,West,EDGE_profile,2,Warning,2025-08-14 23:00:00+05:30,26.21,0.044,0.2273,0.6438,0.9993,MEDIUM,48.9,41.53,60.79,0.873,3,61.4
NE0438,OPTICAL,Central,OPTICAL_profile,6,Healthy,2025-08-14 23:00:00+05:30,49.83,0.0127,0.0983,0.378,0.9684,MEDIUM,30.7,37.86,54.98,0.677,0,91.9
NE0439,RAN,North,RAN_profile,4,Major,2025-08-14 23:00:00+05:30,76.53,0.0556,0.1921,0.3849,0.9132,HIGH,82.23,72.77,81.16,4.453,64,50.0
NE0440,RAN,South,RAN_profile,8,Failure,2025-08-14 23:00:00+05:30,30.0,0.8769,0.8942,0.943,0.9996,CRITICAL,92.46,95.97,90.1,19.877,251,7.0
NE0441,RAN,Central,RAN_profile,4,Warning,2025-08-14 23:00:00+05:30,38.5,0.0299,0.1908,0.5178,0.9912,MEDIUM,52.72,52.89,58.34,0.58,13,78.6
NE0442,EDGE,West,EDGE_profile,6,Failure,2025-08-14 23:00:00+05:30,22.92,0.8167,0.8508,0.9339,0.9999,CRITICAL,86.7,100.0,90.19,24.159,255,0.0
NE0443,CORE,East,CORE_profile,12,Healthy,2025-08-14 23:00:00+05:30,26.11,0.0278,0.1963,0.6077,0.9987,MEDIUM,35.11,56.78,48.09,0.0,1,78.2
NE0444,RAN,North,RAN_profile,2,Warning,2025-08-14 23:00:00+05:30,81.04,0.0128,0.0754,0.2712,0.8877,LOW,52.41,49.72,61.44,0.396,3,72.6
NE0445,RAN,East,RAN_profile,8,Failure,2025-08-14 23:00:00+05:30,24.64,0.8438,0.8706,0.9394,0.9999,CRITICAL,100.0,93.83,87.03,19.778,249,12.2
NE0446,OPTICAL,East,OPTICAL_profile,8,Healthy,2025-08-14 23:00:00+05:30,40.14,0.0292,0.1495,0.4574,0.985,MEDIUM,33.07,36.02,53.77,0.0,0,85.5
NE0447,RAN,West,RAN_profile,12,Healthy,2025-08-14 23:00:00+05:30,29.38,0.0184,0.1264,0.5473,0.9984,MEDIUM,38.93,50.19,45.47,0.0,5,84.3
NE0448,RAN,North,RAN_profile,2,Healthy,2025-08-14 23:00:00+05:30,26.08,0.0253,0.1828,0.6056,0.9989,MEDIUM,32.29,44.96,43.83,0.244,4,82.7
NE0449,CORE,West,CORE_profile,4,Healthy,2025-08-14 23:00:00+05:30,39.12,0.0183,0.1294,0.4582,0.9879,MEDIUM,27.81,45.49,47.92,0.146,4,77.7
NE0450,CORE,North,CORE_profile,2,Healthy,2025-08-14 23:00:00+05:30,46.71,0.0282,0.1373,0.4123,0.9721,MEDIUM,37.19,46.39,47.49,0.471,0,90.2
NE0451,OPTICAL,Central,OPTICAL_profile,4,Healthy,2025-08-14 23:00:00+05:30,33.78,0.0156,0.1381,0.5069,0.9946,MEDIUM,30.75,46.04,52.01,0.003,6,90.9
NE0452,OPTICAL,East,OPTICAL_profile,12,Healthy,2025-08-14 23:00:00+05:30,99999.0,0.0476,0.2527,0.6864,0.9997,MEDIUM,33.53,47.31,59.78,0.521,1,89.9
NE0453,RAN,Central,RAN_profile,2,Failure,2025-08-14 23:00:00+05:30,31.9,0.4375,0.4933,0.7208,0.9981,CRITICAL,100.0,87.86,91.07,20.219,249,1.7
NE0454,RAN,East,RAN_profile,6,Healthy,2025-08-14 23:00:00+05:30,19.36,0.0511,0.2703,0.72,0.9999,HIGH,30.26,43.01,50.43,0.669,0,86.2
NE0455,EDGE,North,EDGE_profile,2,Healthy,2025-08-14 23:00:00+05:30,24.08,0.0348,0.1948,0.6343,0.9995,MEDIUM,30.43,38.71,53.17,0.0,0,83.3
NE0456,CORE,North,CORE_profile,4,Warning,2025-08-14 23:00:00+05:30,52.42,0.0,0.0915,0.3716,0.966,MEDIUM,53.93,56.81,63.36,0.388,11,69.8
NE0457,EDGE,West,EDGE_profile,6,Minor,2025-08-14 23:00:00+05:30,29.72,0.0727,0.3318,0.6977,0.9989,MEDIUM,63.65,60.3,68.76,1.978,16,71.0
NE0458,CORE,South,CORE_profile,4,Healthy,2025-08-14 23:00:00+05:30,63.8,0.0113,0.0821,0.311,0.9308,MEDIUM,36.5,42.26,47.98,0.0,6,77.7
NE0459,CORE,North,CORE_profile,8,Failure,2025-08-14 23:00:00+05:30,33.5,0.8955,0.9095,0.9478,0.9994,CRITICAL,100.0,100.0,91.17,16.278,246,7.0
NE0460,RAN,Central,RAN_profile,2,Minor,2025-08-14 23:00:00+05:30,62.2,0.0408,0.224,0.4846,0.9627,MEDIUM,66.95,72.29,68.67,2.263,19,82.1
NE0461,RAN,South,RAN_profile,12,Healthy,2025-08-14 23:00:00+05:30,42.0,0.0211,0.1234,0.4333,0.9835,MEDIUM,31.65,47.17,48.36,0.467,4,80.4
NE0462,RAN,South,RAN_profile,8,Healthy,2025-08-14 23:00:00+05:30,34.13,0.0062,0.1016,0.4933,0.9954,MEDIUM,34.63,54.49,51.52,0.888,4,83.3
NE0463,RAN,West,RAN_profile,2,Warning,2025-08-14 23:00:00+05:30,31.53,0.0175,0.2146,0.6215,0.9984,MEDIUM,49.32,49.37,60.49,0.757,7,75.0
NE0464,OPTICAL,East,OPTICAL_profile,8,Healthy,2025-08-14 23:00:00+05:30,75.5,0.005,0.0557,0.2581,0.8973,LOW,20.86,55.9,52.34,0.0,5,88.5
NE0465,CORE,North,CORE_profile,2,Failure,2025-08-14 23:00:00+05:30,19.56,0.3182,0.4737,0.7961,0.9999,CRITICAL,100.0,100.0,87.99,15.822,250,0.0
NE0466,CORE,South,CORE_profile,12,Healthy,2025-08-14 23:00:00+05:30,41.5,0.0152,0.1174,0.4361,0.9847,MEDIUM,36.89,35.24,54.97,0.477,1,78.4
NE0467,EDGE,West,EDGE_profile,8,Healthy,2025-08-14 23:00:00+05:30,34.37,0.0078,0.1007,0.4879,0.9954,MEDIUM,27.82,44.41,46.47,0.0,2,87.3
NE0468,RAN,East,RAN_profile,4,Healthy,2025-08-14 23:00:00+05:30,24.33,0.0172,0.1544,0.6287,0.9996,MEDIUM,25.5,52.43,48.1,0.07,0,81.4
NE0469,OPTICAL,West,OPTICAL_profile,6,Healthy,2025-08-14 23:00:00+05:30,105.33,0.0128,0.0641,0.2113,0.7974,LOW,27.99,47.37,54.4,0.12,8,85.5
NE0470,OPTICAL,East,OPTICAL_profile,2,Warning,2025-08-14 23:00:00+05:30,65.82,0.0,0.064,0.2959,0.9263,MEDIUM,40.91,61.69,67.99,1.0,6,79.3
NE0471,RAN,East,RAN_profile,6,Failure,2025-08-14 23:00:00+05:30,42.71,0.8333,0.8504,0.9023,0.997,CRITICAL,97.59,91.79,83.73,19.507,246,6.2
NE0472,CORE,West,CORE_profile,2,Healthy,2025-08-14 23:00:00+05:30,19.25,0.026,0.2219,0.7268,0.9999,HIGH,33.13,44.38,46.33,1.256,0,84.3
NE0473,EDGE,South,EDGE_profile,4,Warning,2025-08-14 23:00:00+05:30,24.59,0.0441,0.2441,0.6627,0.9994,MEDIUM,44.54,65.39,59.84,0.362,12,83.8
NE0474,CORE,Central,CORE_profile,2,Warning,2025-08-14 23:00:00+05:30,35.8,0.0,0.0913,0.4481,0.9901,MEDIUM,48.42,58.98,63.01,0.142,3,79.4
NE0475,OPTICAL,East,OPTICAL_profile,2,Healthy,2025-08-14 23:00:00+05:30,28.91,0.0321,0.1771,0.5673,0.9976,MEDIUM,37.65,55.98,53.93,1.138,14,80.0
NE0476,RAN,East,RAN_profile,4,Healthy,2025-08-14 23:00:00+05:30,38.75,0.0273,0.1422,0.4641,0.9879,MEDIUM,25.34,54.62,52.02,0.251,9,86.1
NE0477,EDGE,North,EDGE_profile,4,Failure,2025-08-14 23:00:00+05:30,14.0,0.7391,0.8024,0.9566,1.0,CRITICAL,98.94,90.71,87.76,23.739,244,4.2
NE0478,RAN,East,RAN_profile,6,Healthy,2025-08-14 23:00:00+05:30,36.75,0.0057,0.0912,0.4615,0.9934,MEDIUM,34.36,44.61,49.27,0.338,2,87.7
NE0479,RAN,North,RAN_profile,8,Minor,2025-08-14 23:00:00+05:30,46.47,0.0392,0.1706,0.4536,0.9789,MEDIUM,63.13,72.17,78.06,1.368,20,70.6
NE0480,RAN,Central,RAN_profile,6,Healthy,2025-08-14 23:00:00+05:30,25.45,0.0372,0.1958,0.6148,0.999,MEDIUM,32.07,44.92,53.98,0.0,0,84.3
NE0481,OPTICAL,West,OPTICAL_profile,6,Healthy,2025-08-14 23:00:00+05:30,79.75,0.0108,0.0704,0.2597,0.8804,LOW,23.21,49.39,55.51,0.835,2,80.7
NE0482,OPTICAL,West,OPTICAL_profile,6,Healthy,2025-08-14 23:00:00+05:30,99999.0,0.0349,0.1837,0.5447,0.9957,MEDIUM,36.69,47.54,51.34,0.0,0,85.8
NE0483,CORE,East,CORE_profile,6,Minor,2025-08-14 23:00:00+05:30,36.92,0.0,0.097,0.4395,0.9879,MEDIUM,62.94,67.43,67.34,1.004,17,72.1
NE0484,CORE,Central,CORE_profile,4,Minor,2025-08-14 23:00:00+05:30,20.24,0.0606,0.2458,0.6832,0.9997,HIGH,63.69,72.1,73.24,1.129,24,65.0
NE0485,OPTICAL,South,OPTICAL_profile,8,Warning,2025-08-14 23:00:00+05:30,33.36,0.0588,0.2732,0.5948,0.9957,MEDIUM,44.39,67.49,61.89,1.224,12,86.8
NE0486,OPTICAL,East,OPTICAL_profile,6,Healthy,2025-08-14 23:00:00+05:30,22.75,0.0315,0.2125,0.6584,0.9996,HIGH,29.29,50.14,55.19,0.464,1,88.3
NE0487,EDGE,West,EDGE_profile,4,Warning,2025-08-14 23:00:00+05:30,17.59,0.0588,0.3386,0.8095,1.0,HIGH,40.78,67.25,59.02,0.651,10,84.7
NE0488,CORE,Central,CORE_profile,6,Warning,2025-08-14 23:00:00+05:30,51.51,0.0185,0.1066,0.3791,0.9656,MEDIUM,47.33,59.16,57.27,0.331,0,74.3
NE0489,RAN,West,RAN_profile,12,Warning,2025-08-14 23:00:00+05:30,74.93,0.0208,0.0936,0.2923,0.9003,LOW,37.14,60.99,58.43,1.895,0,75.1
NE0490,RAN,West,RAN_profile,4,Healthy,2025-08-14 23:00:00+05:30,44.29,0.0214,0.1056,0.4078,0.9808,MEDIUM,32.64,34.5,51.48,0.652,1,82.2
NE0491,CORE,Central,CORE_profile,8,Healthy,2025-08-14 23:00:00+05:30,35.0,0.0294,0.1561,0.4994,0.9925,MEDIUM,29.09,52.42,52.77,0.0,0,92.1
NE0492,CORE,West,CORE_profile,4,Warning,2025-08-14 23:00:00+05:30,26.77,0.0345,0.1918,0.5906,0.9983,MEDIUM,43.22,62.27,58.54,0.867,5,68.2
NE0493,CORE,North,CORE_profile,6,Healthy,2025-08-14 23:00:00+05:30,18.21,0.0413,0.2679,0.7447,0.9999,HIGH,32.08,40.76,50.01,0.0,4,98.7
NE0494,RAN,North,RAN_profile,4,Major,2025-08-14 23:00:00+05:30,34.1,0.0,0.1832,0.5292,0.9937,HIGH,82.54,67.72,80.18,4.675,64,62.4
NE0495,EDGE,South,EDGE_profile,8,Healthy,2025-08-14 23:00:00+05:30,34.5,0.0329,0.1661,0.5062,0.9928,MEDIUM,33.07,36.18,46.96,0.943,3,84.1
NE0496,RAN,North,RAN_profile,8,Healthy,2025-08-14 23:00:00+05:30,40.43,0.0156,0.1093,0.436,0.9876,MEDIUM,23.78,50.4,45.51,0.297,1,88.0
NE0497,RAN,Central,RAN_profile,4,Healthy,2025-08-14 23:00:00+05:30,30.1,0.0121,0.1308,0.5444,0.9978,MEDIUM,33.32,46.27,49.23,0.361,6,87.8
NE0498,RAN,South,RAN_profile,2,Warning,2025-08-14 23:00:00+05:30,39.56,0.0351,0.1722,0.4889,0.9887,MEDIUM,43.21,51.51,60.89,1.161,13,78.8
NE0499,RAN,South,RAN_profile,4,Healthy,2025-08-14 23:00:00+05:30,80.75,0.0049,0.0422,0.2331,0.8826,LOW,27.59,40.75,52.06,0.025,0,82.1
